,Date,FIPS,MMWR_week,Recip_County,Recip_State,Series_Complete_Pop_Pct,Series_Complete_Yes,Series_Complete_12Plus,Series_Complete_12PlusPop_Pct,Series_Complete_18Plus,Series_Complete_18PlusPop_Pct,Series_Complete_65Plus,Series_Complete_65PlusPop_Pct,Completeness_pct,Administered_Dose1_Recip,Administered_Dose1_Pop_Pct,Administered_Dose1_Recip_12Plus,Administered_Dose1_Recip_12PlusPop_Pct,Administered_Dose1_Recip_18Plus,Administered_Dose1_Recip_18PlusPop_Pct,Administered_Dose1_Recip_65Plus,Administered_Dose1_Recip_65PlusPop_Pct,SVI_CTGY,Series_Complete_Pop_Pct_SVI,Series_Complete_12PlusPop_Pct_SVI,Series_Complete_18PlusPop_Pct_SVI,Series_Complete_65PlusPop_Pct_SVI,Metro_status,Series_Complete_Pop_Pct_UR_Equity,Series_Complete_12PlusPop_Pct_UR_Equity,Series_Complete_18PlusPop_Pct_UR_Equity,Series_Complete_65PlusPop_Pct_UR_Equity
1417,12/08/2021,01101,49,Montgomery County,AL,48.7,110308,110137.0,57.8,103677,59.7,27707,78.5,92.7,139222.0,61.5,137898.0,72.4,129391.0,74.5,33875.0,96.0,D,15.0,16.0,16.0,16.0,Metro,3.0,4.0,4.0,4.0
3871,12/07/2021,01101,49,Montgomery County,AL,48.6,110150,110011.0,57.7,103555,59.7,27679,78.5,92.7,139020.0,61.4,137728.0,72.3,129228.0,74.4,33852.0,95.9,D,15.0,16.0,16.0,16.0,Metro,3.0,4.0,4.0,4.0
9449,12/06/2021,01101,49,Montgomery County,AL,48.6,110039,109923.0,57.7,103471,59.6,27669,78.4,92.7,138891.0,61.3,137614.0,72.2,129118.0,74.4,33833.0,95.9,D,15.0,16.0,16.0,16.0,Metro,3.0,4.0,4.0,4.0
11801,12/05/2021,01101,49,Montgomery County,AL,48.5,109809,109760.0,57.6,103324,59.5,27640,78.3,92.7,138645.0,61.2,137440.0,72.1,128955.0,74.3,33808.0,95.8,D,15.0,16.0,16.0,16.0,Metro,3.0,4.0,4.0,4.0
13585,12/04/2021,01101,48,Montgomery County,AL,48.4,109639,109615.0,57.5,103188,59.4,27611,78.3,92.7,138313.0,61.1,137233.0,72.0,128752.0,74.2,33759.0,95.7,D,15.0,16.0,16.0,16.0,Metro,3.0,4.0,4.0,4.0
17947,12/03/2021,01101,48,Montgomery County,AL,48.4,109567,109553.0,57.5,103130,59.4,27600,78.2,92.7,138161.0,61.0,137107.0,72.0,128630.0,74.1,33731.0,95.6,D,15.0,16.0,16.0,16.0,Metro,3.0,4.0,4.0,4.0
21199,12/02/2021,01101,48,Montgomery County,AL,48.2,109263,109252.0,57.3,102846,59.2,27526,78.0,92.6,137673.0,60.8,136715.0,71.8,128250.0,73.9,33644.0,95.4,D,15.0,16.0,16.0,16.0,Metro,3.0,4.0,4.0,4.0
23775,12/01/2021,01101,48,Montgomery County,AL,48.2,109170,109164.0,57.3,102766,59.2,27514,78.0,92.6,137487.0,60.7,136587.0,71.7,128130.0,73.8,33626.0,95.3,D,15.0,16.0,16.0,16.0,Metro,3.0,4.0,4.0,4.0
28664,11/30/2021,01101,48,Montgomery County,AL,48.1,109032,109027.0,57.2,102633,59.1,27481,77.9,92.6,137263.0,60.6,136402.0,71.6,127954.0,73.7,33596.0,95.2,D,15.0,16.0,16.0,16.0,Metro,3.0,4.0,4.0,4.0
31158,11/29/2021,01101,48,Montgomery County,AL,48.1,108912,108907.0,57.2,102522,59.1,27469,77.9,92.6,136964.0,60.5,136187.0,71.5,127747.0,73.6,33568.0,95.1,D,15.0,16.0,16.0,16.0,Metro,3.0,4.0,4.0,4.0
35592,11/28/2021,01101,48,Montgomery County,AL,47.9,108531,108526.0,57.0,102159,58.8,27383,77.6,92.6,136316.0,60.2,135690.0,71.2,127275.0,73.3,33466.0,94.9,D,15.0,16.0,16.0,16.0,Metro,3.0,4.0,4.0,4.0
36743,11/27/2021,01101,47,Montgomery County,AL,47.9,108531,108526.0,57.0,102159,58.8,27383,77.6,92.6,136316.0,60.2,135690.0,71.2,127275.0,73.3,33466.0,94.9,D,15.0,16.0,16.0,16.0,Metro,3.0,4.0,4.0,4.0
39411,11/26/2021,01101,47,Montgomery County,AL,47.9,108531,108526.0,57.0,102159,58.8,27383,77.6,92.6,136316.0,60.2,135690.0,71.2,127275.0,73.3,33466.0,94.9,D,15.0,16.0,16.0,16.0,Metro,3.0,4.0,4.0,4.0
45228,11/25/2021,01101,47,Montgomery County,AL,47.9,108531,108526.0,57.0,102159,58.8,27383,77.6,92.6,136316.0,60.2,135690.0,71.2,127275.0,73.3,33466.0,94.9,D,15.0,16.0,16.0,16.0,Metro,3.0,4.0,4.0,4.0
47027,11/24/2021,01101,47,Montgomery County,AL,47.9,108531,108526.0,57.0,102159,58.8,27383,77.6,92.6,136316.0,60.2,135690.0,71.2,127275.0,73.3,33466.0,94.9,D,15.0,16.0,16.0,16.0,Metro,3.0,4.0,4.0,4.0
51161,11/23/2021,01101,47,Montgomery County,AL,47.8,108151,108146.0,56.8,101811,58.6,27287,77.3,92.6,135983.0,60.0,135393.0,71.1,126994.0,73.2,33373.0,94.6,D,15.0,16.0,16.0,16.0,Metro,3.0,4.0,4.0,4.0
53301,11/22/2021,01101,47,Montgomery County,AL,47.7,108007,108002.0,56.7,101674,58.6,27257,77.3,92.6,135751.0,59.9,135211.0,71.0,126816.0,73.1,33333.0,94.5,D,15.0,16.0,16.0,16.0,Metro,3.0,4.0,4.0,4.0
56380,11/21/2021,01101,47,Montgomery County,AL,47.6,107906,107901.0,56.6,101577,58.5,27231,77.2,92.6,135545.0,59.8,135073.0,70.9,126683.0,73.0,33297.0,94.4,D,15.0,16.0,16.0,16.0,Metro,3.0,4.0,4.0,4.0
59587,11/20/2021,01101,46,Montgomery County,AL,47.6,107840,107835.0,56.6,101514,58.5,27218,77.1,92.6,135425.0,59.8,134994.0,70.8,126605.0,72.9,33278.0,94.3,D,15.0,16.0,16.0,16.0,Metro,3.0,4.0,4.0,4.0
64783,11/19/2021,01101,46,Montgomery County,AL,47.5,107591,107586.0,56.5,101272,58.3,27152,77.0,92.6,135054.0,59.6,134679.0,70.7,126300.0,72.8,33188.0,94.1,D,15.0,16.0,16.0,16.0,Metro,3.0,4.0,4.0,4.0
68793,11/18/2021,01101,46,Montgomery County,AL,47.5,107489,107484.0,56.4,101176,58.3,27125,76.9,92.6,134917.0,59.6,134566.0,70.6,126192.0,72.7,33164.0,94.0,D,15.0,16.0,16.0,16.0,Metro,3.0,4.0,4.0,4.0
70360,11/17/2021,01101,46,Montgomery County,AL,47.4,107250,107245.0,56.3,100945,58.1,27051,76.7,92.6,134582.0,59.4,134293.0,70.5,125932.0,72.5,33091.0,93.8,D,15.0,16.0,16.0,16.0,Metro,3.0,4.0,4.0,4.0
73556,11/16/2021,01101,46,Montgomery County,AL,47.3,107118,107113.0,56.2,100826,58.1,27027,76.6,92.6,134404.0,59.3,134141.0,70.4,125790.0,72.5,33055.0,93.7,D,15.0,16.0,16.0,16.0,Metro,3.0,4.0,4.0,4.0
76282,11/15/2021,01101,46,Montgomery County,AL,47.3,107061,107056.0,56.2,100773,58.0,27021,76.6,92.6,134270.0,59.3,134041.0,70.3,125694.0,72.4,33038.0,93.6,D,15.0,16.0,16.0,16.0,Metro,3.0,4.0,4.0,4.0
80815,11/14/2021,01101,46,Montgomery County,AL,47.2,106961,106956.0,56.1,100683,58.0,27006,76.5,92.6,134038.0,59.2,133905.0,70.3,125568.0,72.3,33008.0,93.6,D,15.0,16.0,16.0,16.0,Metro,3.0,4.0,4.0,4.0
83307,11/13/2021,01101,45,Montgomery County,AL,46.7,105875,105870.0,55.6,99638,57.4,26754,75.8,92.6,133045.0,58.7,132965.0,69.8,124678.0,71.8,32759.0,92.9,D,15.0,16.0,16.0,16.0,Metro,3.0,4.0,4.0,4.0
86090,11/12/2021,01101,45,Montgomery County,AL,46.7,105798,105793.0,55.5,99563,57.4,26725,75.7,92.6,132891.0,58.7,132869.0,69.7,124592.0,71.8,32736.0,92.8,D,15.0,16.0,16.0,16.0,Metro,3.0,4.0,4.0,4.0
89446,11/11/2021,01101,45,Montgomery County,AL,46.7,105788,105783.0,55.5,99554,57.3,26724,75.7,92.6,132858.0,58.7,132836.0,69.7,124560.0,71.8,32734.0,92.8,D,15.0,16.0,16.0,16.0,Metro,3.0,4.0,4.0,4.0
94199,11/10/2021,01101,45,Montgomery County,AL,46.7,105720,105715.0,55.5,99489,57.3,26714,75.7,92.6,132768.0,58.6,132748.0,69.7,124476.0,71.7,32724.0,92.8,D,15.0,16.0,16.0,16.0,Metro,3.0,4.0,4.0,4.0
97256,11/09/2021,01101,45,Montgomery County,AL,46.6,105516,105511.0,55.4,99294,57.2,26656,75.6,92.6,132500.0,58.5,132482.0,69.5,124221.0,71.6,32657.0,92.6,D,15.0,16.0,16.0,16.0,Metro,3.0,4.0,4.0,4.0
98545,11/08/2021,01101,45,Montgomery County,AL,46.5,105410,105405.0,55.3,99193,57.1,26645,75.5,92.6,132431.0,58.5,132413.0,69.5,124154.0,71.5,32652.0,92.5,D,15.0,16.0,16.0,16.0,Metro,3.0,4.0,4.0,4.0
104888,11/07/2021,01101,45,Montgomery County,AL,46.4,105137,105132.0,55.2,98930,57.0,26612,75.4,92.6,132234.0,58.4,132216.0,69.4,123973.0,71.4,32613.0,92.4,D,15.0,16.0,16.0,16.0,Metro,3.0,4.0,4.0,4.0
105632,11/06/2021,01101,44,Montgomery County,AL,46.4,104996,104991.0,55.1,98795,56.9,26565,75.3,92.6,132012.0,58.3,131994.0,69.3,123758.0,71.3,32545.0,92.2,D,15.0,16.0,16.0,16.0,Metro,3.0,4.0,4.0,4.0
110388,11/05/2021,01101,44,Montgomery County,AL,46.3,104931,104926.0,55.1,98734,56.9,26545,75.2,92.6,131947.0,58.3,131929.0,69.2,123694.0,71.3,32526.0,92.2,D,15.0,16.0,16.0,16.0,Metro,3.0,4.0,4.0,4.0
113928,11/04/2021,01101,44,Montgomery County,AL,46.3,104794,104789.0,55.0,98606,56.8,26488,75.1,92.6,131744.0,58.2,131726.0,69.1,123497.0,71.1,32462.0,92.0,D,15.0,16.0,16.0,16.0,Metro,3.0,4.0,4.0,4.0
115225,11/03/2021,01101,44,Montgomery County,AL,46.2,104639,104634.0,54.9,98455,56.7,26432,74.9,92.6,131601.0,58.1,131583.0,69.1,123359.0,71.1,32417.0,91.9,D,15.0,16.0,16.0,16.0,Metro,3.0,4.0,4.0,4.0
121352,11/02/2021,01101,44,Montgomery County,AL,46.1,104478,104473.0,54.8,98301,56.6,26382,74.8,92.6,131368.0,58.0,131350.0,68.9,123136.0,70.9,32353.0,91.7,D,15.0,16.0,16.0,16.0,Metro,3.0,4.0,4.0,4.0
123555,11/01/2021,01101,44,Montgomery County,AL,46.1,104398,104393.0,54.8,98232,56.6,26368,74.7,92.6,131284.0,58.0,131266.0,68.9,123056.0,70.9,32333.0,91.6,D,15.0,16.0,16.0,16.0,Metro,3.0,4.0,4.0,4.0
127219,10/31/2021,01101,44,Montgomery County,AL,46.0,104245,104240.0,54.7,98093,56.5,26322,74.6,92.6,131106.0,57.9,131088.0,68.8,122889.0,70.8,32292.0,91.5,D,15.0,16.0,16.0,16.0,Metro,3.0,4.0,4.0,4.0
130190,10/30/2021,01101,43,Montgomery County,AL,46.0,104182,104177.0,54.7,98034,56.5,26304,74.6,92.6,131025.0,57.9,131007.0,68.8,122808.0,70.7,32270.0,91.5,D,15.0,16.0,16.0,16.0,Metro,3.0,4.0,4.0,4.0
132614,10/29/2021,01101,43,Montgomery County,AL,45.9,104026,104021.0,54.6,97892,56.4,26255,74.4,92.6,130889.0,57.8,130871.0,68.7,122677.0,70.7,32224.0,91.3,D,15.0,16.0,16.0,16.0,Metro,3.0,4.0,4.0,4.0
134919,10/28/2021,01101,43,Montgomery County,AL,45.8,103823,103818.0,54.5,97700,56.3,26184,74.2,92.6,130654.0,57.7,130636.0,68.6,122448.0,70.5,32123.0,91.0,D,15.0,16.0,16.0,16.0,Metro,3.0,4.0,4.0,4.0
139424,10/27/2021,01101,43,Montgomery County,AL,45.7,103563,103558.0,54.3,97449,56.1,26079,73.9,92.6,130385.0,57.6,130367.0,68.4,122188.0,70.4,32009.0,90.7,D,15.0,16.0,16.0,16.0,Metro,3.0,4.0,4.0,4.0
143279,10/26/2021,01101,43,Montgomery County,AL,45.6,103312,103307.0,54.2,97214,56.0,25982,73.6,92.6,130131.0,57.5,130114.0,68.3,121949.0,70.2,31923.0,90.5,D,15.0,16.0,16.0,16.0,Metro,3.0,4.0,4.0,4.0
144759,10/25/2021,01101,43,Montgomery County,AL,45.6,103221,103216.0,54.2,97132,56.0,25953,73.6,92.6,130036.0,57.4,130019.0,68.2,121861.0,70.2,31887.0,90.4,D,15.0,16.0,16.0,16.0,Metro,3.0,4.0,4.0,4.0
148840,10/24/2021,01101,43,Montgomery County,AL,45.5,103122,103117.0,54.1,97044,55.9,25921,73.5,92.6,129927.0,57.4,129910.0,68.2,121762.0,70.1,31855.0,90.3,D,15.0,16.0,16.0,16.0,Metro,3.0,4.0,4.0,4.0
151322,10/23/2021,01101,42,Montgomery County,AL,45.5,103035,103030.0,54.1,96961,55.9,25899,73.4,92.6,129849.0,57.3,129832.0,68.1,121689.0,70.1,31835.0,90.2,D,15.0,16.0,16.0,16.0,Metro,3.0,4.0,4.0,4.0
155349,10/22/2021,01101,42,Montgomery County,AL,45.4,102825,102820.0,54.0,96762,55.7,25850,73.3,92.6,129685.0,57.3,129668.0,68.1,121536.0,70.0,31794.0,90.1,D,15.0,16.0,16.0,16.0,Metro,3.0,4.0,4.0,4.0
158254,10/21/2021,01101,42,Montgomery County,AL,45.3,102572,102567.0,53.8,96531,55.6,25816,73.2,92.5,129340.0,57.1,129323.0,67.9,121223.0,69.8,31754.0,90.0,D,15.0,16.0,16.0,16.0,Metro,3.0,4.0,4.0,4.0
162657,10/20/2021,01101,42,Montgomery County,AL,45.2,102407,102402.0,53.7,96376,55.5,25798,73.1,92.5,129135.0,57.0,129118.0,67.8,121028.0,69.7,31729.0,89.9,D,15.0,16.0,16.0,16.0,Metro,3.0,4.0,4.0,4.0
166477,10/19/2021,01101,42,Montgomery County,AL,45.2,102267,102262.0,53.7,96250,55.4,25777,73.1,92.5,128999.0,57.0,128982.0,67.7,120908.0,69.6,31707.0,89.9,D,15.0,16.0,16.0,16.0,Metro,3.0,4.0,4.0,4.0
168211,10/18/2021,01101,42,Montgomery County,AL,45.1,102192,102187.0,53.6,96187,55.4,25770,73.0,92.5,128921.0,56.9,128904.0,67.7,120844.0,69.6,31695.0,89.8,D,15.0,16.0,16.0,16.0,Metro,3.0,4.0,4.0,4.0
170877,10/17/2021,01101,42,Montgomery County,AL,45.1,102078,102073.0,53.6,96091,55.4,25749,73.0,92.5,128809.0,56.9,128792.0,67.6,120741.0,69.6,31672.0,89.8,D,15.0,16.0,16.0,16.0,Metro,3.0,4.0,4.0,4.0
176401,10/16/2021,01101,41,Montgomery County,AL,45.0,101885,101880.0,53.5,95914,55.3,25721,72.9,92.5,128608.0,56.8,128591.0,67.5,120549.0,69.4,31635.0,89.7,D,15.0,16.0,16.0,16.0,Metro,3.0,4.0,4.0,4.0
179951,10/15/2021,01101,41,Montgomery County,AL,44.9,101657,101652.0,53.3,95705,55.1,25678,72.8,92.5,128389.0,56.7,128372.0,67.4,120344.0,69.3,31588.0,89.5,D,15.0,16.0,16.0,16.0,Metro,3.0,4.0,4.0,4.0
181380,10/14/2021,01101,41,Montgomery County,AL,44.8,101478,101473.0,53.3,95537,55.0,25650,72.7,92.5,128247.0,56.6,128230.0,67.3,120205.0,69.2,31562.0,89.5,D,15.0,16.0,16.0,16.0,Metro,3.0,4.0,4.0,4.0
186893,10/13/2021,01101,41,Montgomery County,AL,44.6,100995,100990.0,53.0,95080,54.8,25622,72.6,92.5,127751.0,56.4,127734.0,67.0,119715.0,69.0,31532.0,89.4,D,15.0,16.0,16.0,16.0,Metro,3.0,4.0,4.0,4.0
187466,10/12/2021,01101,41,Montgomery County,AL,44.6,100943,100938.0,53.0,95036,54.7,25617,72.6,92.5,127723.0,56.4,127706.0,67.0,119691.0,68.9,31526.0,89.4,D,15.0,16.0,16.0,16.0,Metro,3.0,4.0,4.0,4.0
192579,10/11/2021,01101,41,Montgomery County,AL,44.5,100838,100833.0,52.9,94945,54.7,25603,72.6,92.5,127625.0,56.4,127608.0,67.0,119605.0,68.9,31519.0,89.3,D,15.0,16.0,16.0,16.0,Metro,3.0,4.0,4.0,4.0
196633,10/10/2021,01101,41,Montgomery County,AL,44.5,100682,100677.0,52.8,94821,54.6,25579,72.5,92.5,127495.0,56.3,127478.0,66.9,119492.0,68.8,31495.0,89.3,D,15.0,16.0,16.0,16.0,Metro,3.0,4.0,4.0,4.0
200024,10/09/2021,01101,40,Montgomery County,AL,44.4,100483,100478.0,52.7,94637,54.5,25528,72.4,92.5,127367.0,56.2,127350.0,66.8,119371.0,68.8,31457.0,89.2,D,15.0,16.0,16.0,16.0,Metro,3.0,4.0,4.0,4.0
200656,10/08/2021,01101,40,Montgomery County,AL,44.3,100406,100401.0,52.7,94571,54.5,25514,72.3,92.5,127304.0,56.2,127287.0,66.8,119311.0,68.7,31445.0,89.1,D,15.0,16.0,16.0,16.0,Metro,3.0,4.0,4.0,4.0
204730,10/07/2021,01101,40,Montgomery County,AL,44.2,100027,100022.0,52.5,94225,54.3,25423,72.1,92.5,127043.0,56.1,127026.0,66.7,119078.0,68.6,31380.0,88.9,D,15.0,16.0,16.0,16.0,Metro,3.0,4.0,4.0,4.0
208788,10/06/2021,01101,40,Montgomery County,AL,44.1,99897,99892.0,52.4,94106,54.2,25399,72.0,92.5,126936.0,56.0,126919.0,66.6,118978.0,68.5,31364.0,88.9,D,15.0,16.0,16.0,16.0,Metro,3.0,4.0,4.0,4.0
212225,10/05/2021,01101,40,Montgomery County,AL,44.0,99745,99740.0,52.3,93971,54.1,25381,71.9,92.5,126829.0,56.0,126812.0,66.6,118880.0,68.5,31349.0,88.9,D,15.0,16.0,16.0,16.0,Metro,3.0,4.0,4.0,4.0
214670,10/04/2021,01101,40,Montgomery County,AL,44.0,99637,99632.0,52.3,93881,54.1,25370,71.9,92.5,126759.0,56.0,126742.0,66.5,118818.0,68.4,31342.0,88.8,D,15.0,16.0,16.0,16.0,Metro,3.0,4.0,4.0,4.0
219108,10/03/2021,01101,40,Montgomery County,AL,43.9,99319,99314.0,52.1,93612,53.9,25327,71.8,92.5,126511.0,55.9,126494.0,66.4,118601.0,68.3,31296.0,88.7,D,15.0,16.0,16.0,16.0,Metro,3.0,4.0,4.0,4.0
220190,10/02/2021,01101,39,Montgomery County,AL,43.7,98940,98936.0,51.9,93288,53.7,25274,71.6,92.5,126283.0,55.8,126266.0,66.3,118393.0,68.2,31248.0,88.6,D,15.0,16.0,16.0,16.0,Metro,3.0,4.0,4.0,4.0
224968,10/01/2021,01101,39,Montgomery County,AL,43.6,98789,98785.0,51.8,93149,53.7,25236,71.5,92.5,126161.0,55.7,126144.0,66.2,118282.0,68.1,31215.0,88.5,D,15.0,16.0,16.0,16.0,Metro,3.0,4.0,4.0,4.0
227045,09/30/2021,01101,39,Montgomery County,AL,43.6,98736,98732.0,51.8,93101,53.6,25234,71.5,92.5,126133.0,55.7,126116.0,66.2,118256.0,68.1,31214.0,88.5,D,15.0,16.0,16.0,16.0,Metro,3.0,4.0,4.0,4.0
229945,09/29/2021,01101,39,Montgomery County,AL,43.4,98408,98404.0,51.6,92788,53.4,25197,71.4,92.5,125908.0,55.6,125891.0,66.1,118049.0,68.0,31163.0,88.3,D,15.0,16.0,16.0,16.0,Metro,3.0,4.0,4.0,4.0
234748,09/28/2021,01101,39,Montgomery County,AL,43.4,98367,98363.0,51.6,92748,53.4,25188,71.4,92.5,125859.0,55.6,125842.0,66.0,118002.0,68.0,31157.0,88.3,D,15.0,16.0,16.0,16.0,Metro,3.0,4.0,4.0,4.0
237483,09/27/2021,01101,39,Montgomery County,AL,43.3,97992,97988.0,51.4,92419,53.2,25154,71.3,92.5,125652.0,55.5,125635.0,65.9,117830.0,67.9,31129.0,88.2,D,15.0,16.0,16.0,16.0,Metro,3.0,4.0,4.0,4.0
240264,09/26/2021,01101,39,Montgomery County,AL,43.1,97724,97720.0,51.3,92205,53.1,25140,71.3,92.5,125515.0,55.4,125498.0,65.9,117715.0,67.8,31110.0,88.2,D,15.0,16.0,16.0,16.0,Metro,3.0,4.0,4.0,4.0
243407,09/25/2021,01101,38,Montgomery County,AL,43.0,97379,97375.0,51.1,91921,53.0,25110,71.2,92.4,125254.0,55.3,125237.0,65.7,117494.0,67.7,31088.0,88.1,D,15.0,16.0,16.0,16.0,Metro,3.0,4.0,4.0,4.0
246602,09/24/2021,01101,38,Montgomery County,AL,42.8,96956,96952.0,50.9,91546,52.7,25056,71.0,92.4,124966.0,55.2,124949.0,65.6,117234.0,67.5,31053.0,88.0,D,15.0,16.0,16.0,16.0,Metro,3.0,4.0,4.0,4.0
251401,09/23/2021,01101,38,Montgomery County,AL,42.7,96797,96793.0,50.8,91403,52.7,25030,70.9,92.4,124856.0,55.1,124839.0,65.5,117128.0,67.5,31043.0,88.0,D,15.0,16.0,16.0,16.0,Metro,3.0,4.0,4.0,4.0
255242,09/22/2021,01101,38,Montgomery County,AL,42.7,96720,96716.0,50.8,91331,52.6,25030,70.9,92.4,124783.0,55.1,124766.0,65.5,117059.0,67.4,31041.0,88.0,D,15.0,16.0,16.0,16.0,Metro,3.0,4.0,4.0,4.0
256512,09/21/2021,01101,38,Montgomery County,AL,42.6,96515,96511.0,50.7,91150,52.5,25013,70.9,92.4,124621.0,55.0,124604.0,65.4,116904.0,67.3,31023.0,87.9,D,15.0,16.0,16.0,16.0,Metro,3.0,4.0,4.0,4.0
261908,09/20/2021,01101,38,Montgomery County,AL,42.6,96381,96377.0,50.6,91030,52.4,25000,70.9,92.4,124541.0,55.0,124524.0,65.4,116829.0,67.3,31011.0,87.9,D,15.0,16.0,16.0,16.0,Metro,3.0,4.0,4.0,4.0
263362,09/19/2021,01101,38,Montgomery County,AL,42.5,96207,96203.0,50.5,90892,52.4,24985,70.8,92.4,124407.0,54.9,124390.0,65.3,116715.0,67.2,31004.0,87.9,D,15.0,16.0,16.0,16.0,Metro,3.0,4.0,4.0,4.0
268426,09/18/2021,01101,37,Montgomery County,AL,42.2,95528,95524.0,50.1,90320,52.0,24938,70.7,92.4,124031.0,54.8,124014.0,65.1,116392.0,67.0,30967.0,87.8,D,15.0,16.0,16.0,16.0,Metro,3.0,4.0,4.0,4.0
270924,09/17/2021,01101,37,Montgomery County,AL,42.2,95496,95492.0,50.1,90288,52.0,24938,70.7,92.4,123946.0,54.7,123929.0,65.0,116308.0,67.0,30967.0,87.8,D,15.0,16.0,16.0,16.0,Metro,3.0,4.0,4.0,4.0
272576,09/16/2021,01101,37,Montgomery County,AL,42.0,95184,95180.0,50.0,90012,51.9,24917,70.6,92.4,123738.0,54.6,123721.0,64.9,116128.0,66.9,30949.0,87.7,D,15.0,16.0,16.0,16.0,Metro,3.0,4.0,4.0,4.0
276042,09/15/2021,01101,37,Montgomery County,AL,41.9,94870,94866.0,49.8,89737,51.7,24895,70.6,92.4,123453.0,54.5,123436.0,64.8,115875.0,66.7,30924.0,87.7,D,15.0,15.0,16.0,16.0,Metro,3.0,3.0,4.0,4.0
280101,09/14/2021,01101,37,Montgomery County,AL,41.7,94476,94472.0,49.6,89396,51.5,24860,70.5,92.4,123140.0,54.4,123123.0,64.6,115600.0,66.6,30898.0,87.6,D,15.0,15.0,16.0,16.0,Metro,3.0,3.0,4.0,4.0
283361,09/13/2021,01101,37,Montgomery County,AL,41.5,94001,93997.0,49.3,89007,51.3,24832,70.4,92.4,122769.0,54.2,122752.0,64.4,115277.0,66.4,30870.0,87.5,D,15.0,15.0,16.0,16.0,Metro,3.0,3.0,4.0,4.0
285835,09/12/2021,01101,37,Montgomery County,AL,39.2,88894,88890.0,46.7,83991,48.4,23123,65.5,92.2,112820.0,49.8,112803.0,59.2,105454.0,60.7,28012.0,79.4,D,14.0,15.0,15.0,15.0,Metro,2.0,3.0,3.0,3.0
292038,09/11/2021,01101,36,Montgomery County,AL,39.0,88414,88410.0,46.4,83586,48.1,23086,65.4,92.2,112192.0,49.5,112175.0,58.9,104919.0,60.4,27971.0,79.3,D,14.0,15.0,15.0,15.0,Metro,2.0,3.0,3.0,3.0
294261,09/10/2021,01101,36,Montgomery County,AL,39.0,88407,88403.0,46.4,83579,48.1,23086,65.4,92.2,112187.0,49.5,112170.0,58.9,104914.0,60.4,27971.0,79.3,D,14.0,15.0,15.0,15.0,Metro,2.0,3.0,3.0,3.0
297913,09/09/2021,01101,36,Montgomery County,AL,38.9,88037,88033.0,46.2,83248,48.0,23042,65.3,92.2,111870.0,49.4,111853.0,58.7,104638.0,60.3,27942.0,79.2,D,14.0,15.0,15.0,15.0,Metro,2.0,3.0,3.0,3.0
300374,09/08/2021,01101,36,Montgomery County,AL,38.7,87676,87672.0,46.0,82946,47.8,23014,65.2,92.1,111526.0,49.2,111509.0,58.5,104334.0,60.1,27909.0,79.1,D,14.0,15.0,15.0,15.0,Metro,2.0,3.0,3.0,3.0
303857,09/07/2021,01101,36,Montgomery County,AL,38.6,87438,87434.0,45.9,82734,47.7,22983,65.1,92.1,111365.0,49.2,111348.0,58.4,104189.0,60.0,27895.0,79.1,D,14.0,15.0,15.0,15.0,Metro,2.0,3.0,3.0,3.0
307681,09/06/2021,01101,36,Montgomery County,AL,38.5,87105,87101.0,45.7,82467,47.5,22963,65.1,92.1,111072.0,49.0,111055.0,58.3,103954.0,59.9,27877.0,79.0,D,14.0,15.0,15.0,15.0,Metro,2.0,3.0,3.0,3.0
308996,09/05/2021,01101,36,Montgomery County,AL,38.3,86770,86766.0,45.5,82212,47.4,22947,65.0,92.1,110782.0,48.9,110765.0,58.1,103719.0,59.7,27859.0,79.0,D,14.0,15.0,15.0,15.0,Metro,2.0,3.0,3.0,3.0
312355,09/04/2021,01101,35,Montgomery County,AL,38.2,86620,86616.0,45.5,82089,47.3,22938,65.0,92.1,110659.0,48.9,110642.0,58.1,103622.0,59.7,27845.0,78.9,D,14.0,15.0,15.0,15.0,Metro,2.0,3.0,3.0,3.0
317793,09/03/2021,01101,35,Montgomery County,AL,38.1,86387,86383.0,45.3,81883,47.2,22909,64.9,92.1,110460.0,48.8,110443.0,58.0,103444.0,59.6,27824.0,78.9,D,14.0,15.0,15.0,15.0,Metro,2.0,3.0,3.0,3.0
321298,09/02/2021,01101,35,Montgomery County,AL,38.0,86037,86033.0,45.2,81581,47.0,22869,64.8,92.1,110157.0,48.6,110140.0,57.8,103188.0,59.4,27789.0,78.8,D,14.0,15.0,15.0,15.0,Metro,2.0,3.0,3.0,3.0
324468,09/01/2021,01101,35,Montgomery County,AL,37.8,85604,85600.0,44.9,81210,46.8,22827,64.7,92.1,109785.0,48.5,109768.0,57.6,102857.0,59.3,27754.0,78.7,D,14.0,15.0,15.0,15.0,Metro,2.0,3.0,3.0,3.0
326222,08/31/2021,01101,35,Montgomery County,AL,37.6,85191,85187.0,44.7,80847,46.6,22784,64.6,92.1,109269.0,48.2,109252.0,57.3,102403.0,59.0,27691.0,78.5,D,14.0,15.0,15.0,15.0,Metro,2.0,3.0,3.0,3.0
328611,08/30/2021,01101,35,Montgomery County,AL,37.5,84905,84901.0,44.6,80599,46.4,22753,64.5,92.0,109052.0,48.1,109035.0,57.2,102214.0,58.9,27662.0,78.4,D,14.0,15.0,15.0,15.0,Metro,2.0,3.0,3.0,3.0
334750,08/29/2021,01101,35,Montgomery County,AL,37.2,84209,84206.0,44.2,80084,46.1,22712,64.4,92.0,108512.0,47.9,108495.0,56.9,101789.0,58.6,27619.0,78.3,D,14.0,15.0,15.0,15.0,Metro,2.0,3.0,3.0,3.0
336193,08/28/2021,01101,34,Montgomery County,AL,37.0,83738,83735.0,43.9,79676,45.9,22657,64.2,92.0,107994.0,47.7,107977.0,56.7,101329.0,58.4,27566.0,78.1,D,14.0,15.0,15.0,15.0,Metro,2.0,3.0,3.0,3.0
340883,08/27/2021,01101,34,Montgomery County,AL,37.0,83717,83714.0,43.9,79656,45.9,22657,64.2,92.0,107944.0,47.7,107927.0,56.6,101282.0,58.3,27565.0,78.1,D,14.0,15.0,15.0,15.0,Metro,2.0,3.0,3.0,3.0
344042,08/26/2021,01101,34,Montgomery County,AL,36.7,83046,83043.0,43.6,79071,45.5,22470,63.7,91.9,106960.0,47.2,106945.0,56.1,100408.0,57.8,27265.0,77.3,D,14.0,15.0,15.0,15.0,Metro,2.0,3.0,3.0,3.0
346762,08/25/2021,01101,34,Montgomery County,AL,36.5,82709,82706.0,43.4,78796,45.4,22443,63.6,91.9,106613.0,47.1,106598.0,55.9,100115.0,57.7,27236.0,77.2,D,14.0,15.0,15.0,15.0,Metro,2.0,3.0,3.0,3.0
350925,08/24/2021,01101,34,Montgomery County,AL,36.3,82319,82316.0,43.2,78466,45.2,22405,63.5,91.9,106228.0,46.9,106213.0,55.7,99781.0,57.5,27178.0,77.0,D,14.0,15.0,15.0,15.0,Metro,2.0,3.0,3.0,3.0
352252,08/23/2021,01101,34,Montgomery County,AL,36.2,82038,82035.0,43.1,78231,45.1,22384,63.4,91.9,105952.0,46.8,105938.0,55.6,99549.0,57.3,27149.0,77.0,D,14.0,15.0,15.0,15.0,Metro,2.0,3.0,3.0,3.0
354997,08/22/2021,01101,34,Montgomery County,AL,36.0,81648,81645.0,42.8,77941,44.9,22362,63.4,91.9,105571.0,46.6,105557.0,55.4,99254.0,57.2,27128.0,76.9,D,14.0,15.0,15.0,15.0,Metro,2.0,3.0,3.0,3.0
359532,08/21/2021,01101,33,Montgomery County,AL,35.8,81024,81021.0,42.5,77468,44.6,22316,63.3,91.9,105020.0,46.4,105006.0,55.1,98810.0,56.9,27097.0,76.8,D,14.0,15.0,15.0,15.0,Metro,2.0,3.0,3.0,3.0
362031,08/20/2021,01101,33,Montgomery County,AL,35.6,80634,80631.0,42.3,77171,44.5,22276,63.1,91.9,104662.0,46.2,104648.0,54.9,98535.0,56.8,27068.0,76.7,D,14.0,15.0,15.0,15.0,Metro,2.0,3.0,3.0,3.0
365391,08/19/2021,01101,33,Montgomery County,AL,35.5,80317,80314.0,42.2,76922,44.3,22242,63.0,91.8,104181.0,46.0,104167.0,54.7,98108.0,56.5,27030.0,76.6,D,14.0,15.0,15.0,15.0,Metro,2.0,3.0,3.0,3.0
369062,08/18/2021,01101,33,Montgomery County,AL,35.3,79983,79980.0,42.0,76653,44.2,22221,63.0,91.8,103770.0,45.8,103756.0,54.5,97756.0,56.3,26995.0,76.5,D,14.0,15.0,15.0,15.0,Metro,2.0,3.0,3.0,3.0
372412,08/17/2021,01101,33,Montgomery County,AL,35.2,79732,79729.0,41.8,76438,44.0,22201,62.9,91.8,103520.0,45.7,103506.0,54.3,97540.0,56.2,26972.0,76.4,D,14.0,15.0,15.0,15.0,Metro,2.0,3.0,3.0,3.0
377248,08/16/2021,01101,33,Montgomery County,AL,35.0,79360,79357.0,41.6,76122,43.8,22119,62.7,91.8,102926.0,45.4,102912.0,54.0,96997.0,55.9,26852.0,76.1,D,14.0,15.0,15.0,15.0,Metro,2.0,3.0,3.0,3.0
378093,08/15/2021,01101,33,Montgomery County,AL,35.0,79182,79179.0,41.6,76005,43.8,22106,62.7,91.8,102717.0,45.4,102703.0,53.9,96832.0,55.8,26841.0,76.1,D,14.0,15.0,15.0,15.0,Metro,2.0,3.0,3.0,3.0
383353,08/14/2021,01101,32,Montgomery County,AL,34.7,78581,78578.0,41.2,75539,43.5,22069,62.6,91.8,101808.0,45.0,101794.0,53.4,96123.0,55.4,26787.0,75.9,D,14.0,15.0,15.0,15.0,Metro,2.0,3.0,3.0,3.0
387078,08/13/2021,01101,32,Montgomery County,AL,34.7,78554,78551.0,41.2,75518,43.5,22069,62.6,91.8,101789.0,44.9,101775.0,53.4,96107.0,55.4,26787.0,75.9,D,14.0,15.0,15.0,15.0,Metro,2.0,3.0,3.0,3.0
388214,08/12/2021,01101,32,Montgomery County,AL,34.5,78250,78247.0,41.1,75284,43.4,22040,62.5,91.8,101236.0,44.7,101222.0,53.1,95668.0,55.1,26742.0,75.8,D,14.0,15.0,15.0,15.0,Metro,2.0,3.0,3.0,3.0
393681,08/11/2021,01101,32,Montgomery County,AL,34.5,78044,78041.0,41.0,75117,43.3,22026,62.4,91.7,100799.0,44.5,100785.0,52.9,95285.0,54.9,26708.0,75.7,D,14.0,15.0,15.0,15.0,Metro,2.0,3.0,3.0,3.0
393950,08/10/2021,01101,32,Montgomery County,AL,34.4,78017,78014.0,40.9,75101,43.3,22023,62.4,91.7,100760.0,44.5,100746.0,52.9,95251.0,54.9,26704.0,75.7,D,14.0,15.0,15.0,15.0,Metro,2.0,3.0,3.0,3.0
398724,08/09/2021,01101,32,Montgomery County,AL,34.4,77845,77842.0,40.9,74962,43.2,22004,62.4,91.7,100475.0,44.4,100462.0,52.7,95014.0,54.7,26686.0,75.6,D,14.0,15.0,15.0,15.0,Metro,2.0,3.0,3.0,3.0
401547,08/08/2021,01101,32,Montgomery County,AL,34.3,77575,77572.0,40.7,74763,43.1,21990,62.3,91.7,99753.0,44.0,99740.0,52.3,94446.0,54.4,26655.0,75.6,D,14.0,15.0,15.0,15.0,Metro,2.0,3.0,3.0,3.0
403764,08/07/2021,01101,31,Montgomery County,AL,34.2,77558,77555.0,40.7,74746,43.1,21990,62.3,91.7,99696.0,44.0,99683.0,52.3,94390.0,54.4,26652.0,75.5,D,14.0,15.0,15.0,15.0,Metro,2.0,3.0,3.0,3.0
407334,08/06/2021,01101,31,Montgomery County,AL,34.2,77383,77380.0,40.6,74605,43.0,21976,62.3,91.7,99212.0,43.8,99200.0,52.1,93988.0,54.1,26607.0,75.4,D,14.0,15.0,15.0,15.0,Metro,2.0,3.0,3.0,3.0
410712,08/05/2021,01101,31,Montgomery County,AL,34.0,77053,77050.0,40.4,74340,42.8,21951,62.2,91.7,98337.0,43.4,98325.0,51.6,93277.0,53.7,26548.0,75.2,D,14.0,15.0,15.0,15.0,Metro,2.0,3.0,3.0,3.0
416099,08/04/2021,01101,31,Montgomery County,AL,34.0,76936,76933.0,40.4,74253,42.8,21946,62.2,91.7,98074.0,43.3,98062.0,51.5,93074.0,53.6,26536.0,75.2,D,14.0,15.0,15.0,15.0,Metro,2.0,3.0,3.0,3.0
416949,08/03/2021,01101,31,Montgomery County,AL,33.9,76817,76814.0,40.3,74154,42.7,21935,62.2,91.7,97776.0,43.2,97764.0,51.3,92827.0,53.5,26505.0,75.1,D,14.0,15.0,15.0,15.0,Metro,2.0,3.0,3.0,3.0
421580,08/02/2021,01101,31,Montgomery County,AL,33.7,76439,76436.0,40.1,73875,42.6,21902,62.1,91.7,96525.0,42.6,96515.0,50.7,91884.0,52.9,26438.0,74.9,D,14.0,15.0,15.0,15.0,Metro,2.0,3.0,3.0,3.0
424788,08/01/2021,01101,31,Montgomery County,AL,33.7,76436,76433.0,40.1,73873,42.6,21902,62.1,91.7,96521.0,42.6,96511.0,50.7,91880.0,52.9,26437.0,74.9,D,14.0,15.0,15.0,15.0,Metro,2.0,3.0,3.0,3.0
427951,07/31/2021,01101,30,Montgomery County,AL,33.7,76246,76243.0,40.0,73721,42.5,21884,62.0,91.7,96003.0,42.4,95993.0,50.4,91445.0,52.7,26401.0,74.8,D,14.0,15.0,15.0,15.0,Metro,2.0,3.0,3.0,3.0
433070,07/30/2021,01101,30,Montgomery County,AL,33.7,76217,76214.0,40.0,73692,42.4,21884,62.0,91.7,95959.0,42.4,95949.0,50.4,91410.0,52.7,26401.0,74.8,D,14.0,15.0,15.0,15.0,Metro,2.0,3.0,3.0,3.0
433749,07/29/2021,01101,30,Montgomery County,AL,33.6,76089,76086.0,39.9,73591,42.4,21872,62.0,91.7,95525.0,42.2,95515.0,50.1,91055.0,52.5,26374.0,74.8,D,14.0,14.0,15.0,15.0,Metro,2.0,2.0,3.0,3.0
437465,07/28/2021,01101,30,Montgomery County,AL,33.5,75938,75935.0,39.9,73467,42.3,21860,62.0,91.7,95081.0,42.0,95071.0,49.9,90681.0,52.2,26349.0,74.7,D,14.0,14.0,15.0,15.0,Metro,2.0,2.0,3.0,3.0
442209,07/27/2021,01101,30,Montgomery County,AL,33.4,75704,75701.0,39.7,73272,42.2,21848,61.9,91.7,94277.0,41.6,94267.0,49.5,90018.0,51.9,26292.0,74.5,D,14.0,14.0,15.0,15.0,Metro,2.0,2.0,3.0,3.0
444048,07/26/2021,01101,30,Montgomery County,AL,33.4,75613,75610.0,39.7,73201,42.2,21842,61.9,91.7,93969.0,41.5,93959.0,49.3,89770.0,51.7,26272.0,74.5,D,14.0,14.0,15.0,15.0,Metro,2.0,2.0,3.0,3.0
449668,07/25/2021,01101,30,Montgomery County,AL,33.3,75455,75452.0,39.6,73078,42.1,21829,61.9,91.7,93544.0,41.3,93534.0,49.1,89426.0,51.5,26244.0,74.4,D,14.0,14.0,15.0,15.0,Metro,2.0,2.0,3.0,3.0
451283,07/24/2021,01101,29,Montgomery County,AL,33.2,75292,75289.0,39.5,72948,42.0,21809,61.8,91.7,93170.0,41.1,93160.0,48.9,89143.0,51.4,26221.0,74.3,D,14.0,14.0,15.0,15.0,Metro,2.0,2.0,3.0,3.0
453307,07/23/2021,01101,29,Montgomery County,AL,33.2,75167,75164.0,39.4,72843,42.0,21801,61.8,91.7,92859.0,41.0,92849.0,48.7,88905.0,51.2,26195.0,74.2,D,14.0,14.0,15.0,15.0,Metro,2.0,2.0,3.0,3.0
456811,07/22/2021,01101,29,Montgomery County,AL,33.2,75164,75161.0,39.4,72840,42.0,21801,61.8,91.7,92852.0,41.0,92842.0,48.7,88899.0,51.2,26195.0,74.2,D,14.0,14.0,15.0,15.0,Metro,2.0,2.0,3.0,3.0
461608,07/21/2021,01101,29,Montgomery County,AL,33.1,74965,74962.0,39.3,72672,41.9,21787,61.8,91.7,92522.0,40.9,92512.0,48.6,88629.0,51.1,26174.0,74.2,D,14.0,14.0,15.0,15.0,Metro,2.0,2.0,3.0,3.0
463152,07/20/2021,01101,29,Montgomery County,AL,33.0,74802,74799.0,39.3,72543,41.8,21770,61.7,91.7,92216.0,40.7,92206.0,48.4,88385.0,50.9,26148.0,74.1,D,14.0,14.0,15.0,15.0,Metro,2.0,2.0,3.0,3.0
469168,07/19/2021,01101,29,Montgomery County,AL,32.9,74599,74596.0,39.1,72374,41.7,21745,61.6,91.7,91898.0,40.6,91888.0,48.2,88143.0,50.8,26120.0,74.0,D,14.0,14.0,15.0,15.0,Metro,2.0,2.0,3.0,3.0
471817,07/18/2021,01101,29,Montgomery County,AL,32.9,74485,74482.0,39.1,72279,41.6,21734,61.6,91.7,91723.0,40.5,91713.0,48.1,88015.0,50.7,26107.0,74.0,D,14.0,14.0,15.0,15.0,Metro,2.0,2.0,3.0,3.0
475310,07/17/2021,01101,28,Montgomery County,AL,32.8,74347,74344.0,39.0,72175,41.6,21720,61.6,91.7,91513.0,40.4,91503.0,48.0,87843.0,50.6,26080.0,73.9,D,14.0,14.0,15.0,15.0,Metro,2.0,2.0,3.0,3.0
476116,07/16/2021,01101,28,Montgomery County,AL,32.8,74323,74320.0,39.0,72157,41.6,21719,61.6,91.7,91489.0,40.4,91479.0,48.0,87823.0,50.6,26080.0,73.9,D,14.0,14.0,15.0,15.0,Metro,2.0,2.0,3.0,3.0
479987,07/15/2021,01101,28,Montgomery County,AL,32.7,74162,74159.0,38.9,72021,41.5,21695,61.5,91.7,91265.0,40.3,91255.0,47.9,87642.0,50.5,26064.0,73.9,D,14.0,14.0,15.0,15.0,Metro,2.0,2.0,3.0,3.0
483103,07/14/2021,01101,28,Montgomery County,AL,32.2,72875,72872.0,38.2,70854,40.8,21474,60.9,91.7,89841.0,39.7,89831.0,47.1,86424.0,49.8,25827.0,73.2,D,14.0,14.0,15.0,15.0,Metro,2.0,2.0,3.0,3.0
485834,07/13/2021,01101,28,Montgomery County,AL,32.2,72868,72865.0,38.2,70847,40.8,21474,60.9,91.7,89835.0,39.7,89825.0,47.1,86418.0,49.8,25827.0,73.2,D,14.0,14.0,15.0,15.0,Metro,2.0,2.0,3.0,3.0
490258,07/12/2021,01101,28,Montgomery County,AL,32.1,72779,72776.0,38.2,70780,40.8,21467,60.8,91.7,89716.0,39.6,89706.0,47.1,86327.0,49.7,25817.0,73.2,D,14.0,14.0,15.0,15.0,Metro,2.0,2.0,3.0,3.0
495580,07/11/2021,01101,28,Montgomery County,AL,32.0,72588,72585.0,38.1,70630,40.7,21442,60.8,91.7,89409.0,39.5,89399.0,46.9,86094.0,49.6,25796.0,73.1,D,14.0,14.0,15.0,15.0,Metro,2.0,2.0,3.0,3.0
498313,07/10/2021,01101,27,Montgomery County,AL,32.0,72448,72445.0,38.0,70511,40.6,21422,60.7,91.7,89260.0,39.4,89250.0,46.8,85967.0,49.5,25786.0,73.1,D,14.0,14.0,15.0,15.0,Metro,2.0,2.0,3.0,3.0
499447,07/09/2021,01101,27,Montgomery County,AL,32.0,72446,72443.0,38.0,70509,40.6,21422,60.7,91.7,89255.0,39.4,89245.0,46.8,85962.0,49.5,25786.0,73.1,D,14.0,14.0,15.0,15.0,Metro,2.0,2.0,3.0,3.0
503691,07/08/2021,01101,27,Montgomery County,AL,31.9,72258,72255.0,37.9,70340,40.5,21399,60.7,91.7,89086.0,39.3,89076.0,46.7,85819.0,49.4,25768.0,73.0,D,14.0,14.0,15.0,15.0,Metro,2.0,2.0,3.0,3.0
506678,07/07/2021,01101,27,Montgomery County,AL,31.8,71924,71921.0,37.7,70057,40.4,21376,60.6,91.7,88703.0,39.2,88693.0,46.5,85502.0,49.3,25745.0,73.0,D,14.0,14.0,15.0,15.0,Metro,2.0,2.0,3.0,3.0
510808,07/06/2021,01101,27,Montgomery County,AL,31.7,71810,71807.0,37.7,69964,40.3,21365,60.6,91.7,88581.0,39.1,88571.0,46.5,85398.0,49.2,25737.0,72.9,D,14.0,14.0,15.0,15.0,Metro,2.0,2.0,3.0,3.0
514249,07/05/2021,01101,27,Montgomery County,AL,31.7,71803,71800.0,37.7,69957,40.3,21365,60.6,91.7,88569.0,39.1,88559.0,46.5,85386.0,49.2,25737.0,72.9,D,14.0,14.0,15.0,15.0,Metro,2.0,2.0,3.0,3.0
517565,07/04/2021,01101,27,Montgomery County,AL,31.6,71538,71535.0,37.5,69755,40.2,21341,60.5,91.7,88263.0,39.0,88253.0,46.3,85147.0,49.0,25711.0,72.9,D,14.0,14.0,15.0,15.0,Metro,2.0,2.0,3.0,3.0
520421,07/03/2021,01101,26,Montgomery County,AL,31.6,71538,71535.0,37.5,69755,40.2,21341,60.5,91.7,88260.0,39.0,88250.0,46.3,85144.0,49.0,25711.0,72.9,D,14.0,14.0,15.0,15.0,Metro,2.0,2.0,3.0,3.0
524688,07/02/2021,01101,26,Montgomery County,AL,31.5,71283,71280.0,37.4,69524,40.0,21262,60.3,91.7,87858.0,38.8,87848.0,46.1,84765.0,48.8,25592.0,72.5,D,14.0,14.0,15.0,15.0,Metro,2.0,2.0,3.0,3.0
527791,07/01/2021,01101,26,Montgomery County,AL,31.5,71274,71271.0,37.4,69515,40.0,21262,60.3,91.7,87851.0,38.8,87841.0,46.1,84758.0,48.8,25592.0,72.5,D,14.0,14.0,15.0,15.0,Metro,2.0,2.0,3.0,3.0
531014,06/30/2021,01101,26,Montgomery County,AL,31.3,70946,70943.0,37.2,69242,39.9,21226,60.2,91.7,87387.0,38.6,87377.0,45.9,84369.0,48.6,25560.0,72.4,D,14.0,14.0,14.0,15.0,Metro,2.0,2.0,2.0,3.0
534232,06/29/2021,01101,26,Montgomery County,AL,31.3,70915,70912.0,37.2,69219,39.9,21225,60.2,91.7,87352.0,38.6,87342.0,45.8,84340.0,48.6,25560.0,72.4,D,14.0,14.0,14.0,15.0,Metro,2.0,2.0,2.0,3.0
536935,06/28/2021,01101,26,Montgomery County,AL,31.2,70586,70583.0,37.0,68930,39.7,21179,60.0,91.7,86959.0,38.4,86949.0,45.6,84001.0,48.4,25511.0,72.3,D,14.0,14.0,14.0,15.0,Metro,2.0,2.0,2.0,3.0
539917,06/27/2021,01101,26,Montgomery County,AL,31.1,70403,70400.0,36.9,68775,39.6,21163,60.0,91.7,86469.0,38.2,86459.0,45.4,83576.0,48.1,25452.0,72.1,D,14.0,14.0,14.0,15.0,Metro,2.0,2.0,2.0,3.0
542538,06/26/2021,01101,25,Montgomery County,AL,31.0,70189,70186.0,36.8,68569,39.5,21131,59.9,91.7,85865.0,37.9,85855.0,45.1,83045.0,47.8,25382.0,71.9,D,14.0,14.0,14.0,15.0,Metro,2.0,2.0,2.0,3.0
546968,06/25/2021,01101,25,Montgomery County,AL,30.9,70059,70056.0,36.8,68452,39.4,21115,59.8,91.7,85610.0,37.8,85600.0,44.9,82847.0,47.7,25359.0,71.9,D,14.0,14.0,14.0,15.0,Metro,2.0,2.0,2.0,3.0
548603,06/24/2021,01101,25,Montgomery County,AL,30.9,70034,70031.0,36.8,68428,39.4,21115,59.8,91.7,85588.0,37.8,85578.0,44.9,82826.0,47.7,25359.0,71.9,D,14.0,14.0,14.0,15.0,Metro,2.0,2.0,2.0,3.0
552158,06/23/2021,01101,25,Montgomery County,AL,30.9,69939,69936.0,36.7,68340,39.4,21106,59.8,91.7,85342.0,37.7,85332.0,44.8,82632.0,47.6,25331.0,71.8,D,14.0,14.0,14.0,15.0,Metro,2.0,2.0,2.0,3.0
554929,06/22/2021,01101,25,Montgomery County,AL,30.8,69793,69790.0,36.6,68210,39.3,21089,59.8,91.7,85126.0,37.6,85116.0,44.7,82452.0,47.5,25311.0,71.7,D,14.0,14.0,14.0,15.0,Metro,2.0,2.0,2.0,3.0
560097,06/21/2021,01101,25,Montgomery County,AL,30.8,69689,69686.0,36.6,68111,39.2,21088,59.8,91.7,84966.0,37.5,84956.0,44.6,82331.0,47.4,25299.0,71.7,D,14.0,14.0,14.0,15.0,Metro,2.0,2.0,2.0,3.0
561396,06/20/2021,01101,25,Montgomery County,AL,30.7,69638,69635.0,36.5,68064,39.2,21087,59.8,91.7,84807.0,37.4,84797.0,44.5,82211.0,47.4,25294.0,71.7,D,14.0,14.0,14.0,15.0,Metro,2.0,2.0,2.0,3.0
567818,06/19/2021,01101,24,Montgomery County,AL,30.7,69487,69484.0,36.5,67928,39.1,21075,59.7,91.7,84552.0,37.3,84542.0,44.4,82024.0,47.2,25272.0,71.6,D,14.0,14.0,14.0,15.0,Metro,2.0,2.0,2.0,3.0
567858,06/18/2021,01101,24,Montgomery County,AL,30.5,69026,69023.0,36.2,67553,38.9,21031,59.6,91.7,84020.0,37.1,84010.0,44.1,81598.0,47.0,25223.0,71.5,D,14.0,14.0,14.0,15.0,Metro,2.0,2.0,2.0,3.0
571681,06/17/2021,01101,24,Montgomery County,AL,30.4,68939,68936.0,36.2,67475,38.9,21029,59.6,91.7,83966.0,37.1,83956.0,44.1,81552.0,47.0,25220.0,71.5,D,14.0,14.0,14.0,15.0,Metro,2.0,2.0,2.0,3.0
574698,06/16/2021,01101,24,Montgomery County,AL,29.6,66940,66937.0,35.1,65858,37.9,20814,59.0,91.7,80608.0,35.6,80598.0,42.3,78713.0,45.3,24842.0,70.4,D,13.0,14.0,14.0,15.0,Metro,1.0,2.0,2.0,3.0
580679,06/15/2021,01101,24,Montgomery County,AL,29.4,66545,66542.0,34.9,65557,37.8,20779,58.9,91.7,80348.0,35.5,80339.0,42.2,78517.0,45.2,24820.0,70.3,D,13.0,14.0,14.0,15.0,Metro,1.0,2.0,2.0,3.0
581984,06/14/2021,01101,24,Montgomery County,AL,29.4,66543,66540.0,34.9,65555,37.8,20778,58.9,91.7,80345.0,35.5,80336.0,42.2,78514.0,45.2,24819.0,70.3,D,13.0,14.0,14.0,15.0,Metro,1.0,2.0,2.0,3.0
587102,06/13/2021,01101,24,Montgomery County,AL,29.4,66503,66500.0,34.9,65523,37.7,20772,58.9,91.7,80313.0,35.5,80304.0,42.1,78486.0,45.2,24813.0,70.3,D,13.0,14.0,14.0,15.0,Metro,1.0,2.0,2.0,3.0
589599,06/12/2021,01101,23,Montgomery County,AL,29.2,66162,66159.0,34.7,65261,37.6,20730,58.8,91.7,80064.0,35.4,80055.0,42.0,78292.0,45.1,24795.0,70.3,D,13.0,14.0,14.0,15.0,Metro,1.0,2.0,2.0,3.0
591773,06/11/2021,01101,23,Montgomery County,AL,29.2,66061,66058.0,34.7,65174,37.5,20729,58.8,91.7,79975.0,35.3,79966.0,42.0,78211.0,45.1,24794.0,70.3,D,13.0,14.0,14.0,15.0,Metro,1.0,2.0,2.0,3.0
594792,06/10/2021,01101,23,Montgomery County,AL,29.0,65679,65676.0,34.5,64816,37.3,20696,58.7,91.7,79738.0,35.2,79729.0,41.8,78041.0,45.0,24773.0,70.2,D,13.0,14.0,14.0,15.0,Metro,1.0,2.0,2.0,3.0
599138,06/09/2021,01101,23,Montgomery County,AL,28.5,64562,64560.0,33.9,63795,36.7,20532,58.2,91.7,78925.0,34.8,78916.0,41.4,77452.0,44.6,24709.0,70.0,D,13.0,14.0,14.0,15.0,Metro,1.0,2.0,2.0,3.0
602729,06/08/2021,01101,23,Montgomery County,AL,28.2,63970,63968.0,33.6,63341,36.5,20462,58.0,91.7,78478.0,34.7,78469.0,41.2,77107.0,44.4,24675.0,69.9,D,13.0,14.0,14.0,15.0,Metro,1.0,2.0,2.0,3.0
604622,06/07/2021,01101,23,Montgomery County,AL,28.2,63863,63861.0,33.5,63250,36.4,20448,58.0,91.7,78388.0,34.6,78379.0,41.1,77024.0,44.4,24667.0,69.9,D,13.0,14.0,14.0,15.0,Metro,1.0,2.0,2.0,3.0
608890,06/06/2021,01101,23,Montgomery County,AL,28.2,63838,63836.0,33.5,63226,36.4,20444,57.9,91.7,78362.0,34.6,78353.0,41.1,77001.0,44.4,24664.0,69.9,D,13.0,14.0,14.0,15.0,Metro,1.0,2.0,2.0,3.0
610556,06/05/2021,01101,22,Montgomery County,AL,28.1,63709,63707.0,33.4,63105,36.4,20437,57.9,91.7,78243.0,34.5,78234.0,41.1,76890.0,44.3,24659.0,69.9,D,13.0,14.0,14.0,15.0,Metro,1.0,2.0,2.0,3.0
614880,06/04/2021,01101,22,Montgomery County,AL,28.1,63706,63705.0,33.4,63104,36.4,20437,57.9,91.7,78238.0,34.5,78229.0,41.1,76886.0,44.3,24659.0,69.9,D,13.0,14.0,14.0,15.0,Metro,1.0,2.0,2.0,3.0
620094,06/03/2021,01101,22,Montgomery County,AL,28.1,63594,63593.0,33.4,62993,36.3,20426,57.9,91.7,78113.0,34.5,78106.0,41.0,76773.0,44.2,24648.0,69.9,D,13.0,14.0,14.0,15.0,Metro,1.0,2.0,2.0,3.0
621958,06/02/2021,01101,22,Montgomery County,AL,28.0,63393,63392.0,33.3,62795,36.2,20404,57.8,91.8,77991.0,34.4,77984.0,40.9,76662.0,44.2,24639.0,69.8,D,13.0,14.0,14.0,15.0,Metro,1.0,2.0,2.0,3.0
624798,06/01/2021,01101,22,Montgomery County,AL,27.9,63285,63284.0,33.2,62688,36.1,20389,57.8,91.8,77947.0,34.4,77940.0,40.9,76620.0,44.1,24630.0,69.8,D,13.0,14.0,14.0,15.0,Metro,1.0,2.0,2.0,3.0
629976,05/31/2021,01101,22,Montgomery County,AL,27.9,63278,63277.0,33.2,62681,36.1,20387,57.8,91.8,77936.0,34.4,77929.0,40.9,76609.0,44.1,24630.0,69.8,D,13.0,14.0,14.0,15.0,Metro,1.0,2.0,2.0,3.0
630289,05/30/2021,01101,22,Montgomery County,AL,27.9,63261,63260.0,33.2,62664,36.1,20386,57.8,91.8,77922.0,34.4,77915.0,40.9,76596.0,44.1,24630.0,69.8,D,13.0,14.0,14.0,15.0,Metro,1.0,2.0,2.0,3.0
634635,05/29/2021,01101,21,Montgomery County,AL,27.9,63219,63218.0,33.2,62622,36.1,20379,57.8,91.8,77904.0,34.4,77897.0,40.9,76578.0,44.1,24625.0,69.8,D,13.0,14.0,14.0,15.0,Metro,1.0,2.0,2.0,3.0
639235,05/28/2021,01101,21,Montgomery County,AL,27.9,63136,63135.0,33.1,62540,36.0,20369,57.7,91.8,77869.0,34.4,77862.0,40.9,76543.0,44.1,24619.0,69.8,D,13.0,14.0,14.0,15.0,Metro,1.0,2.0,2.0,3.0
642851,05/27/2021,01101,21,Montgomery County,AL,27.7,62743,62742.0,32.9,62149,35.8,20317,57.6,91.8,77604.0,34.3,77597.0,40.7,76284.0,43.9,24591.0,69.7,D,13.0,14.0,14.0,15.0,Metro,1.0,2.0,2.0,3.0
645386,05/26/2021,01101,21,Montgomery County,AL,27.7,62693,62692.0,32.9,62099,35.8,20308,57.6,91.8,77408.0,34.2,77401.0,40.6,76095.0,43.8,24542.0,69.6,D,13.0,14.0,14.0,15.0,Metro,1.0,2.0,2.0,3.0
647885,05/25/2021,01101,21,Montgomery County,AL,27.6,62524,62523.0,32.8,61930,35.7,20282,57.5,91.8,77257.0,34.1,77250.0,40.5,75955.0,43.8,24529.0,69.5,D,13.0,14.0,14.0,15.0,Metro,1.0,2.0,2.0,3.0
650677,05/24/2021,01101,21,Montgomery County,AL,27.4,62132,62131.0,32.6,61549,35.5,20223,57.3,91.8,76934.0,34.0,76927.0,40.4,75681.0,43.6,24506.0,69.5,D,13.0,14.0,14.0,15.0,Metro,1.0,2.0,2.0,3.0
656396,05/23/2021,01101,21,Montgomery County,AL,27.4,62131,62130.0,32.6,61548,35.5,20223,57.3,91.8,76932.0,34.0,76925.0,40.4,75680.0,43.6,24505.0,69.5,D,13.0,14.0,14.0,15.0,Metro,1.0,2.0,2.0,3.0
657117,05/22/2021,01101,20,Montgomery County,AL,27.3,61776,61775.0,32.4,61202,35.3,20176,57.2,91.8,76531.0,33.8,76524.0,40.2,75353.0,43.4,24468.0,69.4,D,13.0,14.0,14.0,15.0,Metro,1.0,2.0,2.0,3.0
662965,05/21/2021,01101,20,Montgomery County,AL,27.1,61379,61378.0,32.2,60821,35.0,20129,57.1,91.8,76006.0,33.6,76000.0,39.9,74922.0,43.2,24421.0,69.2,D,13.0,14.0,14.0,15.0,Metro,1.0,2.0,2.0,3.0
664306,05/20/2021,01101,20,Montgomery County,AL,27.1,61326,61325.0,32.2,60771,35.0,20124,57.0,91.9,75921.0,33.5,75915.0,39.8,74853.0,43.1,24416.0,69.2,D,13.0,14.0,14.0,15.0,Metro,1.0,2.0,2.0,3.0
668236,05/19/2021,01101,20,Montgomery County,AL,26.8,60636,60635.0,31.8,60100,34.6,20004,56.7,91.8,75210.0,33.2,75204.0,39.5,74235.0,42.8,24321.0,68.9,D,13.0,14.0,14.0,15.0,Metro,1.0,2.0,2.0,3.0
672708,05/18/2021,01101,20,Montgomery County,AL,26.7,60584,60583.0,31.8,60049,34.6,20001,56.7,91.9,75159.0,33.2,75153.0,39.4,74195.0,42.7,24320.0,68.9,D,13.0,14.0,14.0,15.0,Metro,1.0,2.0,2.0,3.0
674611,05/17/2021,01101,20,Montgomery County,AL,26.5,60111,60110.0,31.5,59591,34.3,19942,56.5,91.9,74578.0,32.9,74572.0,39.1,73696.0,42.5,24263.0,68.8,D,13.0,14.0,14.0,15.0,Metro,1.0,2.0,2.0,3.0
676217,05/16/2021,01101,20,Montgomery County,AL,26.5,60106,60105.0,31.5,59587,34.3,19942,56.5,91.9,74568.0,32.9,74562.0,39.1,73686.0,42.4,24263.0,68.8,D,13.0,14.0,14.0,15.0,Metro,1.0,2.0,2.0,3.0
680856,05/15/2021,01101,19,Montgomery County,AL,26.5,60024,60023.0,31.5,59509,34.3,19935,56.5,91.9,74429.0,32.9,74423.0,39.1,73568.0,42.4,24245.0,68.7,D,13.0,14.0,14.0,15.0,Metro,1.0,2.0,2.0,3.0
684645,05/14/2021,01101,19,Montgomery County,AL,26.3,59506,59505.0,31.2,59010,34.0,19879,56.3,91.9,74092.0,32.7,74087.0,38.9,73301.0,42.2,24211.0,68.6,D,13.0,14.0,14.0,15.0,Metro,1.0,2.0,2.0,3.0
687149,05/13/2021,01101,19,Montgomery County,AL,25.9,58711,58710.0,30.8,58228,33.5,19675,55.8,91.9,73529.0,32.5,73524.0,38.6,72750.0,41.9,24066.0,68.2,D,13.0,14.0,14.0,15.0,Metro,1.0,2.0,2.0,3.0
692524,05/12/2021,01101,19,Montgomery County,AL,25.6,57976,57975.0,30.4,57510,33.1,19516,55.3,91.9,72885.0,32.2,72880.0,38.2,72114.0,41.5,23946.0,67.9,D,13.0,14.0,14.0,15.0,Metro,1.0,2.0,2.0,3.0
693802,05/11/2021,01101,19,Montgomery County,AL,25.2,57010,57009.0,29.9,56569,32.6,19300,54.7,91.9,72380.0,32.0,72375.0,38.0,71623.0,41.3,23801.0,67.5,D,13.0,13.0,14.0,15.0,Metro,1.0,1.0,2.0,3.0
697816,05/10/2021,01101,19,Montgomery County,AL,25.2,56964,56963.0,29.9,56525,32.6,19296,54.7,91.9,72353.0,31.9,72348.0,38.0,71598.0,41.2,23800.0,67.5,D,13.0,13.0,14.0,15.0,Metro,1.0,1.0,2.0,3.0
701154,05/09/2021,01101,19,Montgomery County,AL,25.1,56836,56835.0,29.8,56406,32.5,19284,54.7,91.9,72183.0,31.9,72178.0,37.9,71434.0,41.1,23778.0,67.4,D,13.0,13.0,14.0,15.0,Metro,1.0,1.0,2.0,3.0
704583,05/08/2021,01101,18,Montgomery County,AL,25.0,56547,56546.0,29.7,56126,32.3,19221,54.5,91.9,71889.0,31.7,71884.0,37.7,71145.0,41.0,23689.0,67.1,D,13.0,13.0,14.0,15.0,Metro,1.0,1.0,2.0,3.0
708170,05/07/2021,01101,18,Montgomery County,AL,24.5,55581,55580.0,29.2,55178,31.8,18923,53.6,91.9,71166.0,31.4,71161.0,37.3,70435.0,40.6,23486.0,66.6,D,13.0,13.0,14.0,15.0,Metro,1.0,1.0,2.0,3.0
712219,05/06/2021,01101,18,Montgomery County,AL,23.5,53321,53320.0,28.0,52985,30.5,18355,52.0,91.9,70313.0,31.0,70308.0,36.9,69604.0,40.1,23355.0,66.2,D,13.0,13.0,14.0,15.0,Metro,1.0,1.0,2.0,3.0
712522,05/05/2021,01101,18,Montgomery County,AL,23.4,53012,53012.0,27.8,52679,30.3,18304,51.9,92.0,70207.0,31.0,70202.0,36.8,69498.0,40.0,23335.0,66.1,D,13.0,13.0,14.0,15.0,Metro,1.0,1.0,2.0,3.0
716499,05/04/2021,01101,18,Montgomery County,AL,22.9,51819,51819.0,27.2,51524,29.7,17986,51.0,92.0,69709.0,30.8,69704.0,36.6,69014.0,39.8,23179.0,65.7,D,13.0,13.0,13.0,15.0,Metro,1.0,1.0,1.0,3.0
720115,05/03/2021,01101,18,Montgomery County,AL,22.7,51338,51338.0,26.9,51061,29.4,17925,50.8,92.0,69479.0,30.7,69474.0,36.5,68789.0,39.6,23132.0,65.6,D,13.0,13.0,13.0,15.0,Metro,1.0,1.0,1.0,3.0
723521,05/02/2021,01101,18,Montgomery County,AL,22.6,51271,51271.0,26.9,50998,29.4,17918,50.8,92.0,69382.0,30.6,69377.0,36.4,68694.0,39.6,23127.0,65.6,D,13.0,13.0,13.0,15.0,Metro,1.0,1.0,1.0,3.0
728053,05/01/2021,01101,17,Montgomery County,AL,22.5,51065,51065.0,26.8,50798,29.3,17897,50.7,92.0,69278.0,30.6,69273.0,36.4,68595.0,39.5,23117.0,65.5,D,13.0,13.0,13.0,15.0,Metro,1.0,1.0,1.0,3.0
731516,04/30/2021,01101,17,Montgomery County,AL,22.1,49983,49983.0,26.2,49762,28.7,17713,50.2,92.0,68807.0,30.4,68802.0,36.1,68140.0,39.3,23018.0,65.2,D,13.0,13.0,13.0,15.0,Metro,1.0,1.0,1.0,3.0
733835,04/29/2021,01101,17,Montgomery County,AL,21.7,49038,49038.0,25.7,48851,28.1,17523,49.7,92.0,67793.0,29.9,67788.0,35.6,67136.0,38.7,22716.0,64.4,D,13.0,13.0,13.0,14.0,Metro,1.0,1.0,1.0,2.0
736794,04/28/2021,01101,17,Montgomery County,AL,21.2,47992,47992.0,25.2,47837,27.6,17352,49.2,92.0,66892.0,29.5,66887.0,35.1,66253.0,38.2,22310.0,63.2,D,13.0,13.0,13.0,14.0,Metro,1.0,1.0,1.0,2.0
739820,04/27/2021,01101,17,Montgomery County,AL,20.9,47286,47286.0,24.8,47141,27.2,17213,48.8,92.0,66341.0,29.3,66336.0,34.8,65708.0,37.9,22081.0,62.6,D,13.0,13.0,13.0,14.0,Metro,1.0,1.0,1.0,2.0
742190,04/26/2021,01101,17,Montgomery County,AL,20.6,46694,46694.0,24.5,46569,26.8,17137,48.6,92.0,65733.0,29.0,65728.0,34.5,65121.0,37.5,21974.0,62.3,D,13.0,13.0,13.0,14.0,Metro,1.0,1.0,1.0,2.0
746728,04/25/2021,01101,17,Montgomery County,AL,20.5,46453,46453.0,24.4,46334,26.7,17091,48.4,92.0,65570.0,29.0,65565.0,34.4,64968.0,37.4,21958.0,62.2,D,13.0,13.0,13.0,14.0,Metro,1.0,1.0,1.0,2.0
748586,04/24/2021,01101,16,Montgomery County,AL,20.3,46049,46049.0,24.2,45932,26.5,17012,48.2,92.0,65421.0,28.9,65416.0,34.3,64827.0,37.3,21938.0,62.2,D,13.0,13.0,13.0,14.0,Metro,1.0,1.0,1.0,2.0
754501,04/23/2021,01101,16,Montgomery County,AL,19.9,45126,45126.0,23.7,45024,25.9,16871,47.8,92.0,64972.0,28.7,64967.0,34.1,64388.0,37.1,21862.0,62.0,D,13.0,13.0,13.0,14.0,Metro,1.0,1.0,1.0,2.0
756740,04/22/2021,01101,16,Montgomery County,AL,19.5,44063,44063.0,23.1,43974,25.3,16656,47.2,92.0,64330.0,28.4,64325.0,33.8,63760.0,36.7,21751.0,61.7,D,13.0,13.0,13.0,14.0,Metro,1.0,1.0,1.0,2.0
760556,04/21/2021,01101,16,Montgomery County,AL,19.0,43145,43145.0,22.6,43066,24.8,16498,46.8,92.1,63778.0,28.2,63773.0,33.5,63226.0,36.4,21652.0,61.4,D,13.0,13.0,13.0,14.0,Metro,1.0,1.0,1.0,2.0
761484,04/20/2021,01101,16,Montgomery County,AL,18.6,42220,42220.0,22.2,42152,24.3,16323,46.3,92.2,63293.0,27.9,63288.0,33.2,62755.0,36.1,21570.0,61.1,D,13.0,13.0,13.0,14.0,Metro,1.0,1.0,1.0,2.0
766786,04/19/2021,01101,16,Montgomery County,AL,18.0,40815,40815.0,21.4,40763,23.5,16086,45.6,92.2,62752.0,27.7,62747.0,32.9,62230.0,35.8,21447.0,60.8,D,13.0,13.0,13.0,14.0,Metro,1.0,1.0,1.0,2.0
768472,04/18/2021,01101,16,Montgomery County,AL,18.0,40657,40657.0,21.3,40606,23.4,16063,45.5,92.2,62681.0,27.7,62676.0,32.9,62164.0,35.8,21445.0,60.8,D,13.0,13.0,13.0,14.0,Metro,1.0,1.0,1.0,2.0
773188,04/17/2021,01101,15,Montgomery County,AL,17.6,39953,39953.0,21.0,39906,23.0,16000,45.4,92.2,62413.0,27.6,62408.0,32.8,61903.0,35.7,21423.0,60.7,D,13.0,13.0,13.0,14.0,Metro,1.0,1.0,1.0,2.0
776468,04/16/2021,01101,15,Montgomery County,AL,17.1,38744,38744.0,20.3,38702,22.3,15792,44.8,92.2,61742.0,27.3,61737.0,32.4,61253.0,35.3,21329.0,60.5,D,13.0,13.0,13.0,14.0,Metro,1.0,1.0,1.0,2.0
779342,04/15/2021,01101,15,Montgomery County,AL,16.7,37805,37805.0,19.8,37765,21.8,15566,44.1,92.3,60780.0,26.8,60775.0,31.9,60319.0,34.7,21165.0,60.0,D,13.0,13.0,13.0,14.0,Metro,1.0,1.0,1.0,2.0
783930,04/14/2021,01101,15,Montgomery County,AL,16.3,36969,36969.0,19.4,36933,21.3,15407,43.7,92.3,60165.0,26.6,60160.0,31.6,59718.0,34.4,21014.0,59.6,D,13.0,13.0,13.0,14.0,Metro,1.0,1.0,1.0,2.0
786882,04/13/2021,01101,15,Montgomery County,AL,16.0,36155,36155.0,19.0,36122,20.8,15208,43.1,92.4,59404.0,26.2,59399.0,31.2,58982.0,34.0,20888.0,59.2,D,13.0,13.0,13.0,14.0,Metro,1.0,1.0,1.0,2.0
789883,04/12/2021,01101,15,Montgomery County,AL,15.7,35539,35539.0,18.7,35507,20.5,15020,42.6,92.4,58504.0,25.8,58499.0,30.7,58113.0,33.5,20744.0,58.8,D,13.0,13.0,13.0,14.0,Metro,1.0,1.0,1.0,2.0
794135,04/11/2021,01101,15,Montgomery County,AL,15.5,35141,35141.0,18.4,35109,20.2,14923,42.3,92.5,58207.0,25.7,58202.0,30.5,57835.0,33.3,20715.0,58.7,D,13.0,13.0,13.0,14.0,Metro,1.0,1.0,1.0,2.0
795480,04/10/2021,01101,14,Montgomery County,AL,15.3,34618,34618.0,18.2,34589,19.9,14783,41.9,92.6,57887.0,25.6,57882.0,30.4,57538.0,33.1,20678.0,58.6,D,13.0,13.0,13.0,14.0,Metro,1.0,1.0,1.0,2.0
797843,04/09/2021,01101,14,Montgomery County,AL,15.0,33891,33891.0,17.8,33862,19.5,14623,41.4,92.6,56667.0,25.0,56662.0,29.7,56380.0,32.5,20535.0,58.2,D,13.0,13.0,13.0,14.0,Metro,1.0,1.0,1.0,2.0
803379,04/08/2021,01101,14,Montgomery County,AL,14.6,33048,33048.0,17.3,33020,19.0,14406,40.8,92.8,55488.0,24.5,55483.0,29.1,55241.0,31.8,20355.0,57.7,D,13.0,13.0,13.0,14.0,Metro,1.0,1.0,1.0,2.0
806937,04/07/2021,01101,14,Montgomery County,AL,14.2,32185,32185.0,16.9,32157,18.5,14170,40.2,92.9,54286.0,24.0,54281.0,28.5,54074.0,31.1,20146.0,57.1,D,13.0,13.0,13.0,14.0,Metro,1.0,1.0,1.0,2.0
808884,04/06/2021,01101,14,Montgomery County,AL,13.9,31511,31511.0,16.5,31483,18.1,13986,39.6,93.0,53308.0,23.5,53304.0,28.0,53110.0,30.6,20015.0,56.7,D,13.0,13.0,13.0,14.0,Metro,1.0,1.0,1.0,2.0
813803,04/05/2021,01101,14,Montgomery County,AL,13.8,31156,31156.0,16.4,31130,17.9,13876,39.3,93.1,52652.0,23.2,52648.0,27.6,52477.0,30.2,19915.0,56.4,D,13.0,13.0,13.0,14.0,Metro,1.0,1.0,1.0,2.0
814585,04/04/2021,01101,14,Montgomery County,AL,13.7,31037,31037.0,16.3,31011,17.9,13850,39.3,93.2,52383.0,23.1,52379.0,27.5,52213.0,30.1,19873.0,56.3,D,13.0,13.0,13.0,14.0,Metro,1.0,1.0,1.0,2.0
817794,04/03/2021,01101,13,Montgomery County,AL,13.6,30805,30805.0,16.2,30780,17.7,13792,39.1,93.2,52028.0,23.0,52024.0,27.3,51860.0,29.9,19816.0,56.2,D,13.0,13.0,13.0,14.0,Metro,1.0,1.0,1.0,2.0
820949,04/02/2021,01101,13,Montgomery County,AL,13.4,30281,30281.0,15.9,30258,17.4,13604,38.6,93.3,51123.0,22.6,51119.0,26.8,50987.0,29.4,19690.0,55.8,D,13.0,13.0,13.0,14.0,Metro,1.0,1.0,1.0,2.0
826869,04/01/2021,01101,13,Montgomery County,AL,13.1,29736,29736.0,15.6,29714,17.1,13411,38.0,93.4,50262.0,22.2,50258.0,26.4,50134.0,28.9,19516.0,55.3,D,13.0,13.0,13.0,14.0,Metro,1.0,1.0,1.0,2.0
827414,03/31/2021,01101,13,Montgomery County,AL,12.9,29268,29268.0,15.4,29246,16.8,13254,37.6,93.4,49139.0,21.7,49135.0,25.8,49036.0,28.2,19320.0,54.8,D,13.0,13.0,13.0,14.0,Metro,1.0,1.0,1.0,2.0
833485,03/30/2021,01101,13,Montgomery County,AL,12.6,28556,28556.0,15.0,28536,16.4,13019,36.9,93.4,48166.0,21.3,48162.0,25.3,48080.0,27.7,19150.0,54.3,D,13.0,13.0,13.0,14.0,Metro,1.0,1.0,1.0,2.0
833853,03/29/2021,01101,13,Montgomery County,AL,12.4,28060,28060.0,14.7,28040,16.2,12838,36.4,93.5,46914.0,20.7,46913.0,24.6,46847.0,27.0,18942.0,53.7,D,13.0,13.0,13.0,14.0,Metro,1.0,1.0,1.0,2.0
840110,03/28/2021,01101,13,Montgomery County,AL,12.3,27851,27851.0,14.6,27833,16.0,12781,36.2,93.5,46682.0,20.6,46681.0,24.5,46618.0,26.9,18903.0,53.6,D,13.0,13.0,13.0,14.0,Metro,1.0,1.0,1.0,2.0
842607,03/27/2021,01101,12,Montgomery County,AL,12.1,27440,27440.0,14.4,27425,15.8,12623,35.8,93.5,45966.0,20.3,45965.0,24.1,45906.0,26.4,18807.0,53.3,D,13.0,13.0,13.0,14.0,Metro,1.0,1.0,1.0,2.0
844976,03/26/2021,01101,12,Montgomery County,AL,11.9,26974,26974.0,14.2,26959,15.5,12416,35.2,93.5,45132.0,19.9,45131.0,23.7,45074.0,26.0,18683.0,53.0,D,13.0,13.0,13.0,14.0,Metro,1.0,1.0,1.0,2.0
849086,03/25/2021,01101,12,Montgomery County,AL,11.7,26390,26390.0,13.9,26375,15.2,12189,34.5,93.6,44286.0,19.6,44285.0,23.2,44229.0,25.5,18457.0,52.3,D,13.0,13.0,13.0,14.0,Metro,1.0,1.0,1.0,2.0
853098,03/24/2021,01101,12,Montgomery County,AL,11.3,25636,25636.0,13.5,25621,14.8,12026,34.1,93.6,43287.0,19.1,43286.0,22.7,43234.0,24.9,18266.0,51.8,D,13.0,13.0,13.0,14.0,Metro,1.0,1.0,1.0,2.0
856388,03/23/2021,01101,12,Montgomery County,AL,11.0,24983,24983.0,13.1,24968,14.4,11824,33.5,93.6,42416.0,18.7,42415.0,22.3,42370.0,24.4,18049.0,51.2,D,13.0,13.0,13.0,14.0,Metro,1.0,1.0,1.0,2.0
859555,03/22/2021,01101,12,Montgomery County,AL,10.7,24292,24292.0,12.7,24277,14.0,11548,32.7,93.6,41727.0,18.4,41726.0,21.9,41684.0,24.0,17828.0,50.5,D,13.0,13.0,13.0,14.0,Metro,1.0,1.0,1.0,2.0
861480,03/21/2021,01101,12,Montgomery County,AL,10.7,24125,24125.0,12.7,24110,13.9,11503,32.6,93.7,41482.0,18.3,41481.0,21.8,41439.0,23.9,17788.0,50.4,D,13.0,13.0,13.0,14.0,Metro,1.0,1.0,1.0,2.0
865134,03/20/2021,01101,11,Montgomery County,AL,10.6,23961,23961.0,12.6,23946,13.8,11447,32.4,93.7,41229.0,18.2,41228.0,21.6,41188.0,23.7,17734.0,50.3,D,13.0,13.0,13.0,14.0,Metro,1.0,1.0,1.0,2.0
869285,03/19/2021,01101,11,Montgomery County,AL,10.3,23285,23285.0,12.2,23270,13.4,11282,32.0,93.8,40616.0,17.9,40615.0,21.3,40577.0,23.4,17580.0,49.8,D,13.0,13.0,13.0,14.0,Metro,1.0,1.0,1.0,2.0
871139,03/18/2021,01101,11,Montgomery County,AL,9.8,22089,22089.0,11.6,22074,12.7,10924,31.0,93.8,39320.0,17.4,39319.0,20.6,39284.0,22.6,17196.0,48.7,D,13.0,13.0,13.0,14.0,Metro,1.0,1.0,1.0,2.0
876287,03/17/2021,01101,11,Montgomery County,AL,9.6,21751,21751.0,11.4,21736,12.5,10751,30.5,93.8,38619.0,17.1,38618.0,20.3,38584.0,22.2,17000.0,48.2,D,13.0,13.0,13.0,14.0,Metro,1.0,1.0,1.0,2.0
877929,03/16/2021,01101,11,Montgomery County,AL,9.3,21108,21108.0,11.1,21093,12.2,10339,29.3,93.9,37599.0,16.6,37598.0,19.7,37564.0,21.6,16681.0,47.3,D,13.0,13.0,13.0,13.0,Metro,1.0,1.0,1.0,1.0
880059,03/15/2021,01101,11,Montgomery County,AL,9.2,20864,20864.0,10.9,20849,12.0,10216,29.0,93.9,36966.0,16.3,36965.0,19.4,36933.0,21.3,16508.0,46.8,D,13.0,13.0,13.0,13.0,Metro,1.0,1.0,1.0,1.0
886024,03/14/2021,01101,11,Montgomery County,AL,9.2,20757,20757.0,10.9,20742,11.9,10144,28.8,93.9,36561.0,16.1,36560.0,19.2,36529.0,21.0,16350.0,46.3,D,13.0,13.0,13.0,13.0,Metro,1.0,1.0,1.0,1.0
888538,03/13/2021,01101,10,Montgomery County,AL,9.1,20587,20587.0,10.8,20572,11.9,10055,28.5,93.9,36273.0,16.0,36272.0,19.0,36241.0,20.9,16250.0,46.1,D,13.0,13.0,13.0,13.0,Metro,1.0,1.0,1.0,1.0
890723,03/12/2021,01101,10,Montgomery County,AL,8.8,20024,20024.0,10.5,20009,11.5,9812,27.8,94.0,35685.0,15.8,35684.0,18.7,35653.0,20.5,16073.0,45.6,D,13.0,13.0,13.0,13.0,Metro,1.0,1.0,1.0,1.0
894614,03/11/2021,01101,10,Montgomery County,AL,8.4,18946,18946.0,9.9,18931,10.9,9335,26.5,94.0,34918.0,15.4,34917.0,18.3,34886.0,20.1,15788.0,44.7,D,13.0,13.0,13.0,13.0,Metro,1.0,1.0,1.0,1.0
897466,03/10/2021,01101,10,Montgomery County,AL,8.0,18033,18033.0,9.5,18021,10.4,9015,25.6,94.0,34221.0,15.1,34220.0,18.0,34191.0,19.7,15543.0,44.1,D,13.0,13.0,13.0,13.0,Metro,1.0,1.0,1.0,1.0
900763,03/09/2021,01101,10,Montgomery County,AL,7.5,17089,17089.0,9.0,17078,9.8,8598,24.4,94.1,33252.0,14.7,33251.0,17.5,33225.0,19.1,15158.0,43.0,D,13.0,13.0,13.0,13.0,Metro,1.0,1.0,1.0,1.0
904852,03/08/2021,01101,10,Montgomery County,AL,7.1,16141,16141.0,8.5,16131,9.3,8260,23.4,94.1,31200.0,13.8,31199.0,16.4,31174.0,18.0,14809.0,42.0,D,13.0,13.0,13.0,13.0,Metro,1.0,1.0,1.0,1.0
908065,03/07/2021,01101,10,Montgomery County,AL,7.0,15856,15856.0,8.3,15846,9.1,8196,23.2,94.1,30843.0,13.6,30842.0,16.2,30818.0,17.8,14720.0,41.7,D,13.0,13.0,13.0,13.0,Metro,1.0,1.0,1.0,1.0
911554,03/06/2021,01101,9,Montgomery County,AL,6.8,15432,15432.0,8.1,15424,8.9,8016,22.7,94.1,30421.0,13.4,30420.0,16.0,30400.0,17.5,14582.0,41.3,D,13.0,13.0,13.0,13.0,Metro,1.0,1.0,1.0,1.0
914747,03/05/2021,01101,9,Montgomery County,AL,6.3,14260,14260.0,7.5,14254,8.2,7485,21.2,94.1,29741.0,13.1,29740.0,15.6,29721.0,17.1,14308.0,40.6,D,13.0,13.0,13.0,13.0,Metro,1.0,1.0,1.0,1.0
918599,03/04/2021,01101,9,Montgomery County,AL,5.8,13226,13226.0,6.9,13221,7.6,6896,19.5,94.0,29171.0,12.9,29170.0,15.3,29152.0,16.8,14056.0,39.8,D,13.0,13.0,13.0,13.0,Metro,1.0,1.0,1.0,1.0
920852,03/03/2021,01101,9,Montgomery County,AL,5.4,12312,12312.0,6.5,12307,7.1,6320,17.9,94.0,28606.0,12.6,28605.0,15.0,28587.0,16.5,13849.0,39.3,D,13.0,13.0,13.0,13.0,Metro,1.0,1.0,1.0,1.0
923923,03/02/2021,01101,9,Montgomery County,AL,5.1,11505,11505.0,6.0,11501,6.6,5767,16.3,93.9,28070.0,12.4,28069.0,14.7,28051.0,16.2,13616.0,38.6,D,13.0,13.0,13.0,13.0,Metro,1.0,1.0,1.0,1.0
927980,03/01/2021,01101,9,Montgomery County,AL,4.8,10807,10807.0,5.7,10803,6.2,5271,14.9,93.8,27585.0,12.2,27584.0,14.5,27566.0,15.9,13374.0,37.9,D,13.0,13.0,13.0,13.0,Metro,1.0,1.0,1.0,1.0
930156,02/28/2021,01101,9,Montgomery County,AL,4.6,10470,10470.0,5.5,10466,6.0,5044,14.3,93.8,27395.0,12.1,27394.0,14.4,27376.0,15.8,13313.0,37.7,D,13.0,13.0,13.0,13.0,Metro,1.0,1.0,1.0,1.0
934544,02/27/2021,01101,8,Montgomery County,AL,4.2,9609,9609.0,5.0,9605,5.5,4428,12.6,93.8,26987.0,11.9,26986.0,14.2,26968.0,15.5,13117.0,37.2,D,13.0,13.0,13.0,13.0,Metro,1.0,1.0,1.0,1.0
937925,02/26/2021,01101,8,Montgomery County,AL,4.0,9037,9037.0,4.7,9033,5.2,4050,11.5,93.8,26185.0,11.6,26185.0,13.7,26168.0,15.1,12760.0,36.2,D,13.0,13.0,13.0,13.0,Metro,1.0,1.0,1.0,1.0
939592,02/25/2021,01101,8,Montgomery County,AL,3.8,8546,8546.0,4.5,8542,4.9,3729,10.6,93.7,25179.0,11.1,25179.0,13.2,25162.0,14.5,12438.0,35.3,D,13.0,13.0,13.0,13.0,Metro,1.0,1.0,1.0,1.0
945131,02/24/2021,01101,8,Montgomery County,AL,3.5,8024,8024.0,4.2,8020,4.6,3451,9.8,93.6,24710.0,10.9,24710.0,13.0,24693.0,14.2,12291.0,34.8,D,13.0,13.0,13.0,13.0,Metro,1.0,1.0,1.0,1.0
946290,02/23/2021,01101,8,Montgomery County,AL,3.4,7668,7668.0,4.0,7664,4.4,3239,9.2,93.6,24350.0,10.8,24350.0,12.8,24333.0,14.0,12146.0,34.4,D,13.0,13.0,13.0,13.0,Metro,1.0,1.0,1.0,1.0
950626,02/22/2021,01101,8,Montgomery County,AL,3.2,7187,7187.0,3.8,7183,4.1,2857,8.1,93.6,24012.0,10.6,24012.0,12.6,23995.0,13.8,11992.0,34.0,D,13.0,13.0,13.0,13.0,Metro,1.0,1.0,1.0,1.0
952262,02/21/2021,01101,8,Montgomery County,AL,3.1,7115,7115.0,3.7,7111,4.1,2807,8.0,93.6,23958.0,10.6,23958.0,12.6,23941.0,13.8,11959.0,33.9,D,13.0,13.0,13.0,13.0,Metro,1.0,1.0,1.0,1.0
956282,02/20/2021,01101,7,Montgomery County,AL,3.1,6909,6909.0,3.6,6905,4.0,2637,7.5,93.5,23838.0,10.5,23838.0,12.5,23821.0,13.7,11886.0,33.7,D,13.0,13.0,13.0,13.0,Metro,1.0,1.0,1.0,1.0
961095,02/19/2021,01101,7,Montgomery County,AL,2.9,6607,6607.0,3.5,6603,3.8,2430,6.9,93.4,23187.0,10.2,23187.0,12.2,23170.0,13.3,11643.0,33.0,D,13.0,13.0,13.0,13.0,Metro,1.0,1.0,1.0,1.0
962756,02/18/2021,01101,7,Montgomery County,AL,2.7,6127,6127.0,3.2,6123,3.5,2121,6.0,93.2,22414.0,9.9,22414.0,11.8,22397.0,12.9,11247.0,31.9,D,13.0,13.0,13.0,13.0,Metro,1.0,1.0,1.0,1.0
966778,02/17/2021,01101,7,Montgomery County,AL,2.7,6012,6012.0,3.2,6008,3.5,2057,5.8,93.1,21644.0,9.6,21644.0,11.4,21633.0,12.5,10971.0,31.1,D,13.0,13.0,13.0,13.0,Metro,1.0,1.0,1.0,1.0
968520,02/16/2021,01101,7,Montgomery County,AL,2.5,5758,5758.0,3.0,5754,3.3,1866,5.3,93.1,20758.0,9.2,20758.0,10.9,20747.0,12.0,10578.0,30.0,D,13.0,13.0,13.0,13.0,Metro,1.0,1.0,1.0,1.0
974231,02/15/2021,01101,7,Montgomery County,AL,2.4,5356,5356.0,2.8,5352,3.1,1540,4.4,92.9,20097.0,8.9,20097.0,10.5,20088.0,11.6,10298.0,29.2,D,13.0,13.0,13.0,13.0,Metro,1.0,1.0,1.0,1.0
977183,02/14/2021,01101,7,Montgomery County,AL,2.3,5286,5286.0,2.8,5282,3.0,1485,4.2,92.9,19955.0,8.8,19955.0,10.5,19947.0,11.5,10228.0,29.0,D,13.0,13.0,13.0,13.0,Metro,1.0,1.0,1.0,1.0
980653,02/13/2021,01101,6,Montgomery County,AL,2.2,5055,5055.0,2.7,5051,2.9,1296,3.7,93.0,19255.0,8.5,19255.0,10.1,19248.0,11.1,9987.0,28.3,D,13.0,13.0,13.0,13.0,Metro,1.0,1.0,1.0,1.0
981504,02/12/2021,01101,6,Montgomery County,AL,2.0,4621,4621.0,2.4,4617,2.7,1168,3.3,92.9,18396.0,8.1,18396.0,9.7,18390.0,10.6,9523.0,27.0,D,13.0,13.0,13.0,13.0,Metro,1.0,1.0,1.0,1.0
985549,02/11/2021,01101,6,Montgomery County,AL,1.9,4283,4283.0,2.2,4279,2.5,1080,3.1,92.9,17599.0,7.8,17599.0,9.2,17594.0,10.1,9022.0,25.6,D,13.0,13.0,13.0,13.0,Metro,1.0,1.0,1.0,1.0
990879,02/10/2021,01101,6,Montgomery County,AL,1.7,3873,3873.0,2.0,3869,2.2,958,2.7,92.8,16454.0,7.3,16454.0,8.6,16449.0,9.5,8365.0,23.7,D,13.0,13.0,13.0,13.0,Metro,1.0,1.0,1.0,1.0
994331,02/09/2021,01101,6,Montgomery County,AL,1.5,3436,3436.0,1.8,3432,2.0,817,2.3,92.7,15290.0,6.8,15290.0,8.0,15286.0,8.8,7640.0,21.7,D,13.0,13.0,13.0,13.0,Metro,1.0,1.0,1.0,1.0
997248,02/08/2021,01101,6,Montgomery County,AL,1.3,3015,3015.0,1.6,3011,1.7,647,1.8,92.6,14508.0,6.4,14508.0,7.6,14504.0,8.4,7120.0,20.2,D,13.0,13.0,13.0,13.0,Metro,1.0,1.0,1.0,1.0
998938,02/07/2021,01101,6,Montgomery County,AL,1.3,2967,2967.0,1.6,2963,1.7,645,1.8,92.6,14258.0,6.3,14258.0,7.5,14254.0,8.2,7079.0,20.1,D,13.0,13.0,13.0,13.0,Metro,1.0,1.0,1.0,1.0
1002619,02/06/2021,01101,5,Montgomery County,AL,1.3,2941,2941.0,1.5,2937,1.7,636,1.8,92.5,13947.0,6.2,13947.0,7.3,13943.0,8.0,6936.0,19.7,D,13.0,13.0,13.0,13.0,Metro,1.0,1.0,1.0,1.0
1007285,02/05/2021,01101,5,Montgomery County,AL,1.2,2684,2684.0,1.4,2683,1.5,581,1.6,92.7,13352.0,5.9,13352.0,7.0,13348.0,7.7,6600.0,18.7,D,13.0,13.0,13.0,13.0,Metro,1.0,1.0,1.0,1.0
1007919,02/04/2021,01101,5,Montgomery County,AL,1.1,2554,2554.0,1.3,2553,1.5,532,1.5,92.5,12814.0,5.7,12814.0,6.7,12810.0,7.4,6257.0,17.7,D,13.0,13.0,13.0,13.0,Metro,1.0,1.0,1.0,1.0
1014039,02/03/2021,01101,5,Montgomery County,AL,1.1,2383,2383.0,1.3,2382,1.4,493,1.4,92.6,12335.0,5.4,12335.0,6.5,12331.0,7.1,5940.0,16.8,D,13.0,13.0,13.0,13.0,Metro,1.0,1.0,1.0,1.0
1015878,02/02/2021,01101,5,Montgomery County,AL,1.0,2269,2269.0,1.2,2268,1.3,474,1.3,92.6,11941.0,5.3,11941.0,6.3,11937.0,6.9,5757.0,16.3,D,13.0,13.0,13.0,13.0,Metro,1.0,1.0,1.0,1.0
1018278,02/01/2021,01101,5,Montgomery County,AL,0.9,2114,2114.0,1.1,2113,1.2,451,1.3,92.9,11169.0,4.9,11169.0,5.9,11165.0,6.4,5200.0,14.7,D,13.0,13.0,13.0,13.0,Metro,1.0,1.0,1.0,1.0
1021573,01/31/2021,01101,5,Montgomery County,AL,0.9,2095,2095.0,1.1,2094,1.2,449,1.3,92.9,10624.0,4.7,10624.0,5.6,10620.0,6.1,4821.0,13.7,D,13.0,13.0,13.0,13.0,Metro,1.0,1.0,1.0,1.0
1026346,01/30/2021,01101,4,Montgomery County,AL,0.9,2028,2028.0,1.1,2027,1.2,436,1.2,93.1,10148.0,4.5,10148.0,5.3,10144.0,5.8,4514.0,12.8,D,13.0,13.0,13.0,13.0,Metro,1.0,1.0,1.0,1.0
1027336,01/29/2021,01101,4,Montgomery County,AL,0.8,1857,1857.0,1.0,1857,1.1,389,1.1,93.0,9811.0,4.3,9811.0,5.1,9807.0,5.6,4320.0,12.2,D,13.0,13.0,13.0,13.0,Metro,1.0,1.0,1.0,1.0
1032121,01/28/2021,01101,4,Montgomery County,AL,0.7,1636,1636.0,0.9,1636,0.9,320,0.9,92.9,9226.0,4.1,9226.0,4.8,9222.0,5.3,3897.0,11.0,D,13.0,13.0,13.0,13.0,Metro,1.0,1.0,1.0,1.0
1035358,01/27/2021,01101,4,Montgomery County,AL,0.6,1320,1320.0,0.7,1320,0.8,260,0.7,92.7,8339.0,3.7,8339.0,4.4,8335.0,4.8,3305.0,9.4,D,13.0,13.0,13.0,13.0,Metro,1.0,1.0,1.0,1.0
1038539,01/26/2021,01101,4,Montgomery County,AL,0.6,1291,1291.0,0.7,1291,0.7,256,0.7,92.9,8281.0,3.7,8281.0,4.3,8277.0,4.8,3279.0,9.3,D,13.0,13.0,13.0,13.0,Metro,1.0,1.0,1.0,1.0
1043685,01/25/2021,01101,4,Montgomery County,AL,0.5,1143,1143.0,0.6,1143,0.7,234,0.7,93.1,7841.0,3.5,7841.0,4.1,7837.0,4.5,2938.0,8.3,D,13.0,13.0,13.0,13.0,Metro,1.0,1.0,1.0,1.0
1044685,01/24/2021,01101,4,Montgomery County,AL,0.5,1141,1141.0,0.6,1141,0.7,234,0.7,93.1,7693.0,3.4,7693.0,4.0,7689.0,4.4,2816.0,8.0,D,13.0,13.0,13.0,13.0,Metro,1.0,1.0,1.0,1.0
1048597,01/23/2021,01101,3,Montgomery County,AL,0.5,1037,1037.0,0.5,1037,0.6,187,0.5,93.3,7094.0,3.1,7094.0,3.7,7090.0,4.1,2449.0,6.9,D,13.0,13.0,13.0,13.0,Metro,1.0,1.0,1.0,1.0
1053236,01/22/2021,01101,3,Montgomery County,AL,0.5,1035,1035.0,0.5,1035,0.6,187,0.5,93.3,6824.0,3.0,6824.0,3.6,6820.0,3.9,2409.0,6.8,D,13.0,13.0,13.0,13.0,Metro,1.0,1.0,1.0,1.0
1054179,01/21/2021,01101,3,Montgomery County,AL,0.4,832,832.0,0.4,832,0.5,156,0.4,93.4,5582.0,2.5,5582.0,2.9,5581.0,3.2,1766.0,5.0,D,13.0,13.0,13.0,13.0,Metro,1.0,1.0,1.0,1.0
1059166,01/20/2021,01101,3,Montgomery County,AL,0.4,799,799.0,0.4,799,0.5,153,0.4,93.6,5048.0,2.2,5048.0,2.6,5047.0,2.9,1617.0,4.6,D,13.0,13.0,13.0,13.0,Metro,1.0,1.0,1.0,1.0
1060477,01/19/2021,01101,3,Montgomery County,AL,0.3,581,581.0,0.3,581,0.3,115,0.3,93.9,3468.0,1.5,3468.0,1.8,3467.0,2.0,976.0,2.8,D,13.0,13.0,13.0,13.0,Metro,1.0,1.0,1.0,1.0
1066043,01/18/2021,01101,3,Montgomery County,AL,0.3,580,580.0,0.3,580,0.3,115,0.3,93.9,3460.0,1.5,3460.0,1.8,3459.0,2.0,969.0,2.7,D,13.0,13.0,13.0,13.0,Metro,1.0,1.0,1.0,1.0
1068415,01/17/2021,01101,3,Montgomery County,AL,0.3,579,579.0,0.3,579,0.3,114,0.3,94.0,3374.0,1.5,3374.0,1.8,3373.0,1.9,919.0,2.6,D,13.0,13.0,13.0,13.0,Metro,1.0,1.0,1.0,1.0
1073136,01/16/2021,01101,2,Montgomery County,AL,0.2,553,553.0,0.3,553,0.3,113,0.3,94.1,2901.0,1.3,2901.0,1.5,2900.0,1.7,782.0,2.2,D,13.0,13.0,13.0,13.0,Metro,1.0,1.0,1.0,1.0
1075935,01/15/2021,01101,2,Montgomery County,AL,0.2,518,518.0,0.3,518,0.3,108,0.3,94.2,2658.0,1.2,2658.0,1.4,2657.0,1.5,654.0,1.9,D,13.0,13.0,13.0,13.0,Metro,1.0,1.0,1.0,1.0
1077205,01/14/2021,01101,2,Montgomery County,AL,0.2,425,425.0,0.2,425,0.2,86,0.2,94.5,2548.0,1.1,2548.0,1.3,2547.0,1.5,622.0,1.8,D,13.0,13.0,13.0,13.0,Metro,1.0,1.0,1.0,1.0
1081324,01/13/2021,01101,2,Montgomery County,AL,0.2,347,347.0,0.2,347,0.2,69,0.2,94.5,2380.0,1.1,2380.0,1.2,2379.0,1.4,551.0,1.6,D,13.0,13.0,13.0,13.0,Metro,1.0,1.0,1.0,1.0
1085370,01/12/2021,01101,2,Montgomery County,AL,0.1,280,280.0,0.1,280,0.2,57,0.2,94.8,2270.0,1.0,2270.0,1.2,2269.0,1.3,508.0,1.4,D,13.0,13.0,13.0,13.0,Metro,1.0,1.0,1.0,1.0
1089209,01/11/2021,01101,2,Montgomery County,AL,0.1,278,278.0,0.1,278,0.2,57,0.2,95.1,2236.0,1.0,2236.0,1.2,2235.0,1.3,479.0,1.4,D,13.0,13.0,13.0,13.0,Metro,1.0,1.0,1.0,1.0
1091829,01/10/2021,01101,2,Montgomery County,AL,0.1,278,278.0,0.1,278,0.2,57,0.2,95.1,2220.0,1.0,2220.0,1.2,2219.0,1.3,474.0,1.3,D,13.0,13.0,13.0,13.0,Metro,1.0,1.0,1.0,1.0
1095993,01/09/2021,01101,1,Montgomery County,AL,0.1,276,276.0,0.1,276,0.2,56,0.2,94.9,2142.0,0.9,2142.0,1.1,2141.0,1.2,447.0,1.3,D,13.0,13.0,13.0,13.0,Metro,1.0,1.0,1.0,1.0
1098074,01/08/2021,01101,1,Montgomery County,AL,0.0,94,94.0,0.0,94,0.1,17,0.0,95.6,1702.0,0.8,1702.0,0.9,1701.0,1.0,310.0,0.9,D,13.0,13.0,13.0,13.0,Metro,,,1.0,
1099728,01/07/2021,01101,1,Montgomery County,AL,0.0,94,94.0,0.0,94,0.1,17,0.0,95.5,1688.0,0.7,1688.0,0.9,1687.0,1.0,299.0,0.8,D,13.0,13.0,13.0,13.0,Metro,,,1.0,
1102995,01/06/2021,01101,1,Montgomery County,AL,0.0,0,0.0,0.0,0,0.0,0,0.0,0.0,0.0,0.0,0.0,0.0,0.0,0.0,0.0,0.0,D,,,,,Metro,,,,
1107290,01/05/2021,01101,1,Montgomery County,AL,0.0,0,0.0,0.0,0,0.0,0,0.0,0.0,0.0,0.0,0.0,0.0,0.0,0.0,0.0,0.0,D,,,,,Metro,,,,
1110122,01/04/2021,01101,1,Montgomery County,AL,0.0,0,0.0,0.0,0,0.0,0,0.0,0.0,0.0,0.0,0.0,0.0,0.0,0.0,0.0,0.0,D,,,,,Metro,,,,
1113834,01/03/2021,01101,1,Montgomery County,AL,0.0,0,0.0,0.0,0,0.0,0,0.0,0.0,0.0,0.0,0.0,0.0,0.0,0.0,0.0,0.0,D,,,,,Metro,,,,
1117240,01/02/2021,01101,53,Montgomery County,AL,0.0,0,0.0,0.0,0,0.0,0,0.0,0.0,0.0,0.0,0.0,0.0,0.0,0.0,0.0,0.0,D,,,,,Metro,,,,
1119421,01/01/2021,01101,53,Montgomery County,AL,0.0,0,0.0,0.0,0,0.0,0,0.0,0.0,0.0,0.0,0.0,0.0,0.0,0.0,0.0,0.0,D,,,,,Metro,,,,
1123126,12/31/2020,01101,53,Montgomery County,AL,0.0,0,0.0,0.0,0,0.0,0,0.0,0.0,0.0,0.0,0.0,0.0,0.0,0.0,0.0,0.0,D,,,,,Metro,,,,
1128554,12/30/2020,01101,53,Montgomery County,AL,0.0,0,0.0,0.0,0,0.0,0,0.0,0.0,0.0,0.0,0.0,0.0,0.0,0.0,0.0,0.0,D,,,,,Metro,,,,
1131645,12/29/2020,01101,53,Montgomery County,AL,0.0,0,0.0,0.0,0,0.0,0,0.0,0.0,0.0,0.0,0.0,0.0,0.0,0.0,0.0,0.0,D,,,,,Metro,,,,
1133229,12/28/2020,01101,53,Montgomery County,AL,0.0,0,0.0,0.0,0,0.0,0,0.0,0.0,0.0,0.0,0.0,0.0,0.0,0.0,0.0,0.0,D,,,,,Metro,,,,
1137943,12/27/2020,01101,53,Montgomery County,AL,0.0,0,0.0,0.0,0,0.0,0,0.0,0.0,0.0,0.0,0.0,0.0,0.0,0.0,0.0,0.0,D,,,,,Metro,,,,
1141756,12/26/2020,01101,52,Montgomery County,AL,0.0,0,0.0,0.0,0,0.0,0,0.0,0.0,0.0,0.0,0.0,0.0,0.0,0.0,0.0,0.0,D,,,,,Metro,,,,
1145112,12/25/2020,01101,52,Montgomery County,AL,0.0,0,0.0,0.0,0,0.0,0,0.0,0.0,0.0,0.0,0.0,0.0,0.0,0.0,0.0,0.0,D,,,,,Metro,,,,
1148627,12/24/2020,01101,52,Montgomery County,AL,0.0,0,0.0,0.0,0,0.0,0,0.0,0.0,0.0,0.0,0.0,0.0,0.0,0.0,0.0,0.0,D,,,,,Metro,,,,
1151399,12/23/2020,01101,52,Montgomery County,AL,0.0,0,0.0,0.0,0,0.0,0,0.0,0.0,0.0,0.0,0.0,0.0,0.0,0.0,0.0,0.0,D,,,,,Metro,,,,
1153703,12/22/2020,01101,52,Montgomery County,AL,0.0,0,0.0,0.0,0,0.0,0,0.0,0.0,0.0,0.0,0.0,0.0,0.0,0.0,0.0,0.0,D,,,,,Metro,,,,
1158166,12/21/2020,01101,52,Montgomery County,AL,0.0,0,0.0,0.0,0,0.0,0,0.0,0.0,0.0,0.0,0.0,0.0,0.0,0.0,0.0,0.0,D,,,,,Metro,,,,
1161111,12/20/2020,01101,52,Montgomery County,AL,0.0,0,0.0,0.0,0,0.0,0,0.0,0.0,0.0,0.0,0.0,0.0,0.0,0.0,0.0,0.0,D,,,,,Metro,,,,
1162341,12/19/2020,01101,51,Montgomery County,AL,0.0,0,0.0,0.0,0,0.0,0,0.0,0.0,0.0,0.0,0.0,0.0,0.0,0.0,0.0,0.0,D,,,,,Metro,,,,
1165796,12/18/2020,01101,51,Montgomery County,AL,0.0,0,0.0,0.0,0,0.0,0,0.0,0.0,0.0,0.0,0.0,0.0,0.0,0.0,0.0,0.0,D,,,,,Metro,,,,
1171043,12/17/2020,01101,51,Montgomery County,AL,0.0,0,0.0,0.0,0,0.0,0,0.0,0.0,0.0,0.0,0.0,0.0,0.0,0.0,0.0,0.0,D,,,,,Metro,,,,
1174831,12/16/2020,01101,51,Montgomery County,AL,0.0,0,0.0,0.0,0,0.0,0,0.0,0.0,0.0,0.0,0.0,0.0,0.0,0.0,0.0,0.0,D,,,,,Metro,,,,
1177711,12/15/2020,01101,51,Montgomery County,AL,0.0,0,0.0,0.0,0,0.0,0,0.0,0.0,0.0,0.0,0.0,0.0,0.0,0.0,0.0,0.0,D,,,,,Metro,,,,
1179775,12/14/2020,1101,51,Montgomery County,AL,0.0,0,0.0,0.0,0,0.0,0,0.0,0.0,0.0,0.0,0.0,0.0,0.0,0.0,0.0,0.0,D,,,,,Metro,,,,
1183805,12/13/2020,1101,51,Montgomery County,AL,0.0,0,0.0,0.0,0,0.0,0,0.0,0.0,0.0,0.0,0.0,0.0,0.0,0.0,0.0,0.0,D,,,,,Metro,,,,
