Date Type,Date,Location,Total Doses Administered Daily,Daily Count People Receiving Dose 1,Total Doses Administered Cumulative,People Receiving 1 or More Doses Cumulative,7-Day Avg Daily Count Dose 1,7-Day Avg Total Doses Daily,Total Doses Administered Daily Change,7-Day Avg Total Doses Administered Daily Change,Daily Count of People Fully Vaccinated,People Fully Vaccinated Cumulative,7-Day Avg Daily Count of People Fully Vaccinated,People Receiving a Booster Dose,Total People Receiving a Booster Dose,7-Day Average Daily Count Booster
Report,2020-12-13,US,,,,,,,0,0,,,,N/A,N/A,N/A
Admin,2020-12-14,US,4389,4251,27242,23659,11830,13621,,,98,4162,2081,0,0,0
Report,2020-12-14,US,,,,,,,509,255,,,,N/A,N/A,N/A
Admin,2020-12-15,US,50709,48491,77951,72150,24050,25983,,,217,4379,1459,0,0,0
Report,2020-12-15,US,,,,,,,12129,4213,,,,N/A,N/A,N/A
Admin,2020-12-16,US,161255,155814,239206,227964,56991,59801,,,406,4785,1196,0,0,0
Report,2020-12-16,US,,,,,,,38996,12909,,,,N/A,N/A,N/A
Admin,2020-12-17,US,273321,266304,512527,494268,98854,102505,,,601,5386,1077,0,0,0
Report,2020-12-17,US,,,,,,,75708,25468,,,,N/A,N/A,N/A
Admin,2020-12-18,US,416255,407494,928782,901762,150294,154797,,,1022,6408,1068,0,0,0
Report,2020-12-18,US,,,,,,,126800,42357,,,,N/A,N/A,N/A
Admin,2020-12-19,US,181668,177761,1110450,1079523,154218,158635,,,962,7370,1052,0,0,0
Report,2020-12-19,US,,,,,,,187508,63093,,,,N/A,N/A,N/A
Admin,2020-12-20,US,104565,102650,1215015,1182173,166109,170308,,,674,8044,568,0,0,0
Report,2020-12-20,US,,,,,,,209853,93072,,,,N/A,N/A,N/A
Admin,2020-12-21,US,381443,375003,1596458,1557176,219074,224173,,,1120,9164,714,0,0,0
Report,2020-12-21,US,,,,,,,149957,114422,,,,N/A,N/A,N/A
Admin,2020-12-22,US,449963,441529,2046421,1998705,275222,281210,,,2376,11540,1023,0,0,0
Report,2020-12-22,US,,,,,,,189722,139792,,,,N/A,N/A,N/A
Admin,2020-12-23,US,579409,567370,2625830,2566075,334016,340946,,,2205,13745,1280,0,0,0
Report,2020-12-23,US,,,,,,,368173,186817,,,,N/A,N/A,N/A
Admin,2020-12-24,US,197569,192609,2823399,2758684,323488,330124,,,982,14727,1334,0,0,0
Report,2020-12-24,US,,,,,,,338436,224350,,,,N/A,N/A,N/A
Admin,2020-12-25,US,12602,12465,2836001,2771149,267055,272459,,,90,14817,1201,0,0,0
Report,2020-12-25,US,,,,,,,336145,254256,,,,N/A,N/A,N/A
Admin,2020-12-26,US,142482,138954,2978483,2910103,261511,266861,,,701,15518,1164,0,0,0
Report,2020-12-26,US,,,,,,,156478,249823,,,,N/A,N/A,N/A
Admin,2020-12-27,US,97234,94093,3075717,3004196,260289,265814,,,625,16143,1157,0,0,0
Report,2020-12-27,US,,,,,,,61992,228700,,,,N/A,N/A,N/A
Admin,2020-12-28,US,589419,576751,3665136,3580947,289110,295525,,,3106,19249,1440,0,0,0
Report,2020-12-28,US,,,,,,,156220,229595,,,,N/A,N/A,N/A
Admin,2020-12-29,US,719514,702363,4384650,4283310,326372,334032,,,4314,23563,1717,0,0,0
Report,2020-12-29,US,,,,,,,314677,247446,,,,N/A,N/A,N/A
Admin,2020-12-30,US,842113,825400,5226763,5108710,363234,371561,,,5950,29513,2252,0,0,0
Report,2020-12-30,US,,,,,,,441549,257928,,,,N/A,N/A,N/A
Admin,2020-12-31,US,418938,410317,5645701,5519027,394335,403186,,,2671,32184,2493,0,0,0
Report,2020-12-31,US,,,,,,,573278,291477,,,,N/A,N/A,N/A
Admin,2021-01-01,US,87330,80242,5733031,5599269,404017,413861,,,5545,37729,3273,0,0,0
Report,2021-01-01,US,,,,,,,434528,305532,,,,N/A,N/A,N/A
Admin,2021-01-02,US,262027,253365,5995058,5852634,420362,430939,,,2614,40343,3546,0,0,0
Report,2021-01-02,US,,,,,,,290402,324664,,,,N/A,N/A,N/A
Admin,2021-01-03,US,136834,129751,6131892,5982385,425456,436596,,,2303,42646,3786,0,0,0
Report,2021-01-03,US,,,,,,,185279,342276,,,,N/A,N/A,N/A
Admin,2021-01-04,US,654355,596452,6786247,6578837,428270,445873,,,44847,87493,9749,0,0,0
Report,2021-01-04,US,,,,,,,239472,354169,,,,N/A,N/A,N/A
Admin,2021-01-05,US,826939,726857,7613186,7305694,431769,461219,,,87688,175181,21659,0,0,0
Report,2021-01-05,US,,,,,,,337114,357375,,,,N/A,N/A,N/A
Admin,2021-01-06,US,1020908,830319,8634094,8136013,432472,486761,,,173786,348967,45636,0,0,0
Report,2021-01-06,US,,,,,,,600055,380018,,,,N/A,N/A,N/A
Admin,2021-01-07,US,1174009,871794,9808103,9007807,498397,594628,,,280112,629079,85270,0,0,0
Report,2021-01-07,US,,,,,,,730700,402507,,,,N/A,N/A,N/A
Admin,2021-01-08,US,1241704,854394,11049807,9862201,608990,759539,,,361670,990749,136145,0,0,0
Report,2021-01-08,US,,,,,,,870465,464784,,,,N/A,N/A,N/A
Admin,2021-01-09,US,509494,371415,11559301,10233616,625855,794891,,,128258,1119007,154094,0,0,0
Report,2021-01-09,US,,,,,,,790484,536224,,,,N/A,N/A,N/A
Admin,2021-01-10,US,249928,175953,11809229,10409569,632455,811048,,,68535,1187542,163556,0,0,0
Report,2021-01-10,US,,,,,,,727095,613626,,,,N/A,N/A,N/A
Admin,2021-01-11,US,1067571,723972,12876800,11133541,650672,870079,,,320847,1508389,202985,0,0,0
Report,2021-01-11,US,,,,,,,419440,639336,,,,N/A,N/A,N/A
Admin,2021-01-12,US,1256524,917728,14133324,12051269,677939,931448,,,313561,1821950,235252,0,0,0
Report,2021-01-12,US,,,,,,,516858,665014,,,,N/A,N/A,N/A
Admin,2021-01-13,US,1321668,1030375,15454992,13081644,706519,974414,,,270828,2092778,249115,0,0,0
Report,2021-01-13,US,,,,,,,987485,720361,,,,N/A,N/A,N/A
Admin,2021-01-14,US,1317206,1161084,16772198,14242728,747846,994870,,,135191,2227969,228412,0,0,0
Report,2021-01-14,US,,,,,,,1093867,772242,,,,N/A,N/A,N/A
Admin,2021-01-15,US,1260468,1123259,18032666,15365987,786255,997551,,,119670,2347639,193841,0,0,0
Report,2021-01-15,US,,,,,,,956233,784495,,,,N/A,N/A,N/A
Admin,2021-01-16,US,647892,565858,18680558,15931845,814033,1017322,,,71263,2418902,185699,0,0,0
Report,2021-01-16,US,,,,,,,1141043,834574,,,,N/A,N/A,N/A
Admin,2021-01-17,US,304796,255596,18985354,16187441,825410,1025160,,,41774,2460676,181876,0,0,0
Report,2021-01-17,US,,,,,,,856109,853005,,,,N/A,N/A,N/A
Admin,2021-01-18,US,880756,637741,19866110,16825182,813092,998472,,,225513,2686189,168257,0,0,0
Report,2021-01-18,US,,,,,,,548050,871378,,,,N/A,N/A,N/A
Admin,2021-01-19,US,1339353,963815,21205463,17788997,819675,1010305,,,351384,3037573,173660,0,0,0
Report,2021-01-19,US,,,,,,,621154,886277,,,,N/A,N/A,N/A
Admin,2021-01-20,US,1595991,1151552,22801454,18940549,836986,1049494,,,417586,3455159,194625,0,0,0
Report,2021-01-20,US,,,,,,,441318,808253,,,,N/A,N/A,N/A
Admin,2021-01-21,US,1630907,1333215,24432361,20273764,861577,1094309,,,271943,3727102,214161,0,0,0
Report,2021-01-21,US,,,,,,,1021093,797857,,,,N/A,N/A,N/A
Admin,2021-01-22,US,1635253,1403410,26067614,21677174,901598,1147849,,,207701,3934803,226737,0,0,0
Report,2021-01-22,US,,,,,,,1561585,884336,,,,N/A,N/A,N/A
Admin,2021-01-23,US,913782,750417,26981396,22427591,927964,1185834,,,148509,4083312,237772,0,0,0
Report,2021-01-23,US,,,,,,,1430031,925620,,,,N/A,N/A,N/A
Admin,2021-01-24,US,397217,302738,27378613,22730329,934698,1199037,,,87015,4170327,244235,0,0,0
Report,2021-01-24,US,,,,,,,1310665,990557,,,,N/A,N/A,N/A
Admin,2021-01-25,US,1372479,862575,28751092,23592904,966817,1269283,,,483810,4654137,281135,0,0,0
Report,2021-01-25,US,,,,,,,885588,1038776,,,,N/A,N/A,N/A
Admin,2021-01-26,US,1660020,1056078,30411112,24648982,979998,1315092,,,574249,5228386,312973,0,0,0
Report,2021-01-26,US,,,,,,,806751,1065290,,,,N/A,N/A,N/A
Admin,2021-01-27,US,1932830,1255275,32343942,25904257,994815,1363212,,,640919,5869305,344878,0,0,0
Report,2021-01-27,US,,,,,,,1111640,1161050,,,,N/A,N/A,N/A
Admin,2021-01-28,US,1970316,1380116,34314258,27284373,1001516,1411699,,,551797,6421102,384857,0,0,0
Report,2021-01-28,US,,,,,,,1541048,1235330,,,,N/A,N/A,N/A
Admin,2021-01-29,US,1922939,1381760,36237197,28666133,998423,1452797,,,489712,6910814,425144,0,0,0
Report,2021-01-29,US,,,,,,,1690979,1253815,,,,N/A,N/A,N/A
Admin,2021-01-30,US,1023395,764931,37260592,29431064,1000496,1468456,,,239675,7150489,438168,0,0,0
Report,2021-01-30,US,,,,,,,1693241,1291416,,,,N/A,N/A,N/A
Admin,2021-01-31,US,462838,327078,37723430,29758142,1003973,1477831,,,124400,7274889,443508,0,0,0
Report,2021-01-31,US,,,,,,,1545397,1324949,,,,N/A,N/A,N/A
Admin,2021-02-01,US,1373838,768932,39097268,30527074,990596,1478025,,,560368,7835257,454445,0,0,0
Report,2021-02-01,US,,,,,,,1099103,1355451,,,,N/A,N/A,N/A
Admin,2021-02-02,US,1690903,964191,40788171,31491265,977469,1482437,,,687238,8522495,470587,0,0,0
Report,2021-02-02,US,,,,,,,558458,1319981,,,,N/A,N/A,N/A
Admin,2021-02-03,US,2144812,1267774,42932983,32759039,979255,1512720,,,825079,9347574,496895,0,0,0
Report,2021-02-03,US,,,,,,,1097394,1317946,,,,N/A,N/A,N/A
Admin,2021-02-04,US,2353470,1398018,45286453,34157057,981812,1567456,,,904558,10252132,547290,0,0,0
Report,2021-02-04,US,,,,,,,1325456,1287147,,,,N/A,N/A,N/A
Admin,2021-02-05,US,2377692,1373821,47664145,35530878,980678,1632421,,,953452,11205584,613538,0,0,0
Report,2021-02-05,US,,,,,,,1615502,1276364,,,,N/A,N/A,N/A
Admin,2021-02-06,US,1305101,858783,48969246,36389661,994085,1672664,,,419554,11625138,639235,0,0,0
Report,2021-02-06,US,,,,,,,2218752,1351437,,,,N/A,N/A,N/A
Admin,2021-02-07,US,449064,281147,49418310,36670808,987524,1670697,,,154244,11779382,643499,0,0,0
Report,2021-02-07,US,,,,,,,2172973,1441091,,,,N/A,N/A,N/A
Admin,2021-02-08,US,1576006,840905,50994316,37511713,997806,1699578,,,695330,12474712,662779,0,0,0
Report,2021-02-08,US,,,,,,,1206680,1456459,,,,N/A,N/A,N/A
Admin,2021-02-09,US,1971081,1043779,52965397,38555492,1009175,1739603,,,881746,13356458,690566,0,0,0
Report,2021-02-09,US,,,,,,,788573,1489333,,,,N/A,N/A,N/A
Admin,2021-02-10,US,2303847,1237219,55269244,39792711,1004810,1762323,,,1022178,14378636,718723,0,0,0
Report,2021-02-10,US,,,,,,,1563780,1555959,,,,N/A,N/A,N/A
Admin,2021-02-11,US,2405950,1283610,57675194,41076321,988466,1769820,,,1075488,15454124,743141,0,0,0
Report,2021-02-11,US,,,,,,,1620300,1598080,,,,N/A,N/A,N/A
Admin,2021-02-12,US,2603072,1397137,60278266,42473458,991797,1802017,,,1151228,16605352,771395,0,0,0
Report,2021-02-12,US,,,,,,,2020288,1655907,,,,N/A,N/A,N/A
Admin,2021-02-13,US,1483061,876343,61761327,43349801,994306,1827440,,,570648,17176000,792980,0,0,0
Report,2021-02-13,US,,,,,,,2231326,1657703,,,,N/A,N/A,N/A
Admin,2021-02-14,US,594043,349307,62355370,43699108,1004043,1848151,,,227528,17403528,803449,0,0,0
Report,2021-02-14,US,,,,,,,2242472,1667631,,,,N/A,N/A,N/A
Admin,2021-02-15,US,1179819,618704,63535189,44317812,972300,1791553,,,528040,17931568,779550,0,0,0
Report,2021-02-15,US,,,,,,,1376214,1691850,,,,N/A,N/A,N/A
Admin,2021-02-16,US,1622150,805582,65157339,45123394,938272,1741706,,,775040,18706608,764307,0,0,0
Report,2021-02-16,US,,,,,,,959794,1716311,,,,N/A,N/A,N/A
Admin,2021-02-17,US,1969209,946494,67126548,46069888,896740,1693900,,,977637,19684245,757944,0,0,0
Report,2021-02-17,US,,,,,,,1061463,1644551,,,,N/A,N/A,N/A
Admin,2021-02-18,US,1862466,846329,68989014,46916217,834271,1616260,,,962304,20646549,741775,0,0,0
Report,2021-02-18,US,,,,,,,1455940,1621071,,,,N/A,N/A,N/A
Admin,2021-02-19,US,1977892,841541,70966906,47757758,754900,1526948,,,1084874,21731423,732295,0,0,0
Report,2021-02-19,US,,,,,,,1847276,1596355,,,,N/A,N/A,N/A
Admin,2021-02-20,US,1309759,606974,72276665,48364732,716419,1502191,,,671893,22403316,746759,0,0,0
Report,2021-02-20,US,,,,,,,1704457,1521088,,,,N/A,N/A,N/A
Admin,2021-02-21,US,595369,259695,72872034,48624427,703617,1502380,,,316599,22719915,759483,0,0,0
Report,2021-02-21,US,,,,,,,1801134,1458040,,,,N/A,N/A,N/A
Admin,2021-02-22,US,1463230,631619,74335264,49256046,705462,1542867,,,786491,23506406,796405,0,0,0
Report,2021-02-22,US,,,,,,,1086840,1416701,,,,N/A,N/A,N/A
Admin,2021-02-23,US,1942126,888415,76277390,50144461,717295,1588578,,,1004447,24510853,829177,0,0,0
Report,2021-02-23,US,,,,,,,854609,1401674,,,,N/A,N/A,N/A
Admin,2021-02-24,US,2529408,1265841,78806798,51410302,762916,1668607,,,1210446,25721299,862436,0,0,0
Report,2021-02-24,US,,,,,,,1432864,1454731,,,,N/A,N/A,N/A
Admin,2021-02-25,US,2946105,1561649,81752903,52971951,865105,1823412,,,1317117,27038416,913123,0,0,0
Report,2021-02-25,US,,,,,,,1809170,1505193,,,,N/A,N/A,N/A
Admin,2021-02-26,US,3120708,1697539,84873611,54669490,987390,1986672,,,1356478,28394894,951924,0,0,0
Report,2021-02-26,US,,,,,,,2179947,1552717,,,,N/A,N/A,N/A
Admin,2021-02-27,US,1993602,1154036,86867213,55823526,1065542,2084364,,,801243,29196137,970403,0,0,0
Report,2021-02-27,US,,,,,,,2352116,1645240,,,,N/A,N/A,N/A
Admin,2021-02-28,US,855146,543152,87722359,56366678,1106036,2121475,,,287145,29483282,966195,0,0,0
Report,2021-02-28,US,,,,,,,2429823,1735053,,,,N/A,N/A,N/A
Admin,2021-03-01,US,2022994,1194654,89745353,57561332,1186469,2201441,,,771193,30254475,964009,0,0,0
Report,2021-03-01,US,,,,,,,1663984,1817502,,,,N/A,N/A,N/A
Admin,2021-03-02,US,2457550,1473163,92202903,59034495,1270005,2275073,,,939638,31194113,954751,0,0,0
Report,2021-03-02,US,,,,,,,1731614,1942788,,,,N/A,N/A,N/A
Admin,2021-03-03,US,2907105,1754143,95110008,60788638,1339762,2329030,,,1111239,32305352,940579,0,0,0
Report,2021-03-03,US,,,,,,,1908873,2010790,,,,N/A,N/A,N/A
Admin,2021-03-04,US,3212208,1977960,98322216,62766598,1399235,2367044,,,1225504,33530856,927491,0,0,0
Report,2021-03-04,US,,,,,,,2032374,2042676,,,,N/A,N/A,N/A
Admin,2021-03-05,US,3238743,2024263,101560959,64790861,1445910,2383906,,,1287839,34818695,917685,0,0,0
Report,2021-03-05,US,,,,,,,2435246,2079147,,,,N/A,N/A,N/A
Admin,2021-03-06,US,2057036,1358016,103617995,66148877,1475050,2392968,,,852180,35670875,924962,0,0,0
Report,2021-03-06,US,,,,,,,2904229,2158020,,,,N/A,N/A,N/A
Admin,2021-03-07,US,928781,683333,104546776,66832210,1495076,2403488,,,340808,36011683,932628,0,0,0
Report,2021-03-07,US,,,,,,,2439427,2159392,,,,N/A,N/A,N/A
Admin,2021-03-08,US,2160716,1489706,106707492,68321916,1537226,2423162,,,838643,36850326,942264,0,0,0
Report,2021-03-08,US,,,,,,,1738102,2169981,,,,N/A,N/A,N/A
Admin,2021-03-09,US,2707084,1816350,109414576,70138266,1586253,2458810,,,1069465,37919791,960811,0,0,0
Report,2021-03-09,US,,,,,,,1602746,2151571,,,,N/A,N/A,N/A
Admin,2021-03-10,US,3135591,2079556,112550167,72217822,1632741,2491451,,,1258861,39178652,981900,0,0,0
Report,2021-03-10,US,,,,,,,2028692,2168688,,,,N/A,N/A,N/A
Admin,2021-03-11,US,3455895,2300993,116006062,74518815,1678888,2526263,,,1386813,40565465,1004944,0,0,0
Report,2021-03-11,US,,,,,,,2482603,2233006,,,,N/A,N/A,N/A
Admin,2021-03-12,US,3440535,2137460,119446597,76656275,1695059,2555091,,,1512304,42077769,1037010,0,0,0
Report,2021-03-12,US,,,,,,,2924112,2302844,,,,N/A,N/A,N/A
Admin,2021-03-13,US,2199372,1398619,121645969,78054894,1700860,2575424,,,1011065,43088834,1059708,0,0,0
Report,2021-03-13,US,,,,,,,3234490,2350025,,,,N/A,N/A,N/A
Admin,2021-03-14,US,986127,650800,122632096,78705694,1696212,2583617,,,424215,43513049,1071623,0,0,0
Report,2021-03-14,US,,,,,,,2697779,2386932,,,,N/A,N/A,N/A
Admin,2021-03-15,US,2281137,1503169,124913233,80208863,1698135,2600820,,,858605,44371654,1074475,0,0,0
Report,2021-03-15,US,,,,,,,2021586,2427430,,,,N/A,N/A,N/A
Admin,2021-03-16,US,2883483,1937799,127796716,82146662,1715485,2626020,,,1031614,45403268,1069068,0,0,0
Report,2021-03-16,US,,,,,,,1655996,2435037,,,,N/A,N/A,N/A
Admin,2021-03-17,US,3173323,2144702,130970039,84291364,1724792,2631410,,,1112471,46515739,1048155,0,0,0
Report,2021-03-17,US,,,,,,,2299771,2473762,,,,N/A,N/A,N/A
Admin,2021-03-18,US,3423201,2319465,134393240,86610829,1727431,2626739,,,1193712,47709451,1020569,0,0,0
Report,2021-03-18,US,,,,,,,2692381,2503731,,,,N/A,N/A,N/A
Admin,2021-03-19,US,3349206,2237096,137742446,88847925,1741664,2613692,,,1204682,48914133,976623,0,0,0
Report,2021-03-19,US,,,,,,,2583810,2455116,,,,N/A,N/A,N/A
Admin,2021-03-20,US,2157769,1422837,139900215,90270762,1745124,2607749,,,848669,49762802,953424,0,0,0
Report,2021-03-20,US,,,,,,,3127679,2439857,,,,N/A,N/A,N/A
Admin,2021-03-21,US,1023273,689685,140923488,90960447,1750679,2613056,,,367066,50129868,945259,0,0,0
Report,2021-03-21,US,,,,,,,3039915,2488734,,,,N/A,N/A,N/A
Admin,2021-03-22,US,2363962,1615033,143287450,92575480,1766660,2624888,,,790664,50920532,935554,0,0,0
Report,2021-03-22,US,,,,,,,2028324,2489697,,,,N/A,N/A,N/A
Admin,2021-03-23,US,3063530,1996835,146350980,94572315,1775093,2650609,,,1130189,52050721,949636,0,0,0
Report,2021-03-23,US,,,,,,,1707293,2497025,,,,N/A,N/A,N/A
Admin,2021-03-24,US,3560666,2225926,149911646,96798241,1786697,2705943,,,1401215,53451936,990885,0,0,0
Report,2021-03-24,US,,,,,,,2256824,2490889,,,,N/A,N/A,N/A
Admin,2021-03-25,US,3845032,2288368,153756678,99086609,1782254,2766205,,,1625480,55077416,1052566,0,0,0
Report,2021-03-25,US,,,,,,,2831442,2510755,,,,N/A,N/A,N/A
Admin,2021-03-26,US,3842778,2131755,157599456,101218364,1767206,2836715,,,1777292,56854708,1134367,0,0,0
Report,2021-03-26,US,,,,,,,3379393,2624410,,,,N/A,N/A,N/A
Admin,2021-03-27,US,2473238,1384566,160072694,102602930,1761738,2881782,,,1148303,58003011,1177172,0,0,0
Report,2021-03-27,US,,,,,,,3496047,2677034,,,,N/A,N/A,N/A
Admin,2021-03-28,US,1208885,677135,161281579,103280065,1759945,2908298,,,542298,58545309,1202205,0,0,0
Report,2021-03-28,US,,,,,,,3281956,2711611,,,,N/A,N/A,N/A
Admin,2021-03-29,US,2834249,1619963,164115828,104900028,1760650,2975482,,,1252701,59798010,1268211,0,0,0
Report,2021-03-29,US,,,,,,,2350144,2757586,,,,N/A,N/A,N/A
Admin,2021-03-30,US,3588152,2028287,167703980,106928315,1765143,3050428,,,1631870,61429880,1339879,0,0,0
Report,2021-03-30,US,,,,,,,1789510,2769331,,,,N/A,N/A,N/A
Admin,2021-03-31,US,4171317,2425728,171875297,109354043,1793686,3137664,,,1916751,63346631,1413527,0,0,0
Report,2021-03-31,US,,,,,,,2670947,2828491,,,,N/A,N/A,N/A
Admin,2021-04-01,US,4538196,2537465,176413493,111891508,1829271,3236687,,,2210257,65556888,1497067,0,0,0
Report,2021-04-01,US,,,,,,,3358112,2903730,,,,N/A,N/A,N/A
Admin,2021-04-02,US,3655265,2071288,180068758,113962796,1820633,3209900,,,1791188,67348076,1499052,0,0,0
Report,2021-04-02,US,,,,,,,3975059,2988825,,,,N/A,N/A,N/A
Admin,2021-04-03,US,2299209,1328766,182367967,115291562,1812662,3185039,,,1146687,68494763,1498821,0,0,0
Report,2021-04-03,US,,,,,,,4081959,3072527,,,,N/A,N/A,N/A
Admin,2021-04-04,US,761393,437469,183129360,115729031,1778424,3121111,,,368083,68862846,1473933,0,0,0
Report,2021-04-04,US,,,,,,,3365324,3084436,,,,N/A,N/A,N/A
Admin,2021-04-05,US,3096753,1741997,186226113,117471028,1795857,3158612,,,1576775,70439621,1520230,0,0,0
Report,2021-04-05,US,,,,,,,2134049,3053566,,,,N/A,N/A,N/A
Admin,2021-04-06,US,3973987,2299610,190200100,119770638,1834618,3213731,,,2051762,72491383,1580214,0,0,0
Report,2021-04-06,US,,,,,,,1404280,2998533,,,,N/A,N/A,N/A
Admin,2021-04-07,US,4358538,2575622,194558638,122346260,1856031,3240477,,,2283915,74775298,1632666,0,0,0
Report,2021-04-07,US,,,,,,,2884580,3029052,,,,N/A,N/A,N/A
Admin,2021-04-08,US,4489050,2576533,199047688,124922793,1861612,3233456,,,2480718,77256016,1671304,0,0,0
Report,2021-04-08,US,,,,,,,3403061,3035473,,,,N/A,N/A,N/A
Admin,2021-04-09,US,4307059,2449593,203354747,127372386,1915656,3326569,,,2399714,79655730,1758236,0,0,0
Report,2021-04-09,US,,,,,,,3958065,3033045,,,,N/A,N/A,N/A
Admin,2021-04-10,US,2874148,1726958,206228895,129099344,1972540,3408704,,,1632102,81287832,1827581,0,0,0
Report,2021-04-10,US,,,,,,,4629928,3111327,,,,N/A,N/A,N/A
Admin,2021-04-11,US,1400601,839011,207629496,129938355,2029903,3500019,,,791921,82079753,1888129,0,0,0
Report,2021-04-11,US,,,,,,,3579422,3141912,,,,N/A,N/A,N/A
Admin,2021-04-12,US,3004536,1638634,210634032,131576989,2015137,3486845,,,1696372,83776125,1905214,0,0,0
Report,2021-04-12,US,,,,,,,2644914,3214893,,,,N/A,N/A,N/A
Admin,2021-04-13,US,3465664,1752638,214099696,133329627,1936998,3414228,,,1688617,85464742,1853337,0,0,0
Report,2021-04-13,US,,,,,,,2590736,3384387,,,,N/A,N/A,N/A
Admin,2021-04-14,US,3679802,1748211,217779498,135077838,1818797,3317265,,,1892522,87357264,1797423,0,0,0
Report,2021-04-14,US,,,,,,,2509055,3330740,,,,N/A,N/A,N/A
Admin,2021-04-15,US,3732540,1767632,221512038,136845470,1703240,3209192,,,1921637,89278901,1717555,0,0,0
Report,2021-04-15,US,,,,,,,3525204,3348189,,,,N/A,N/A,N/A
Admin,2021-04-16,US,3589183,1646985,225101221,138492455,1588581,3106639,,,1900336,91179237,1646215,0,0,0
Report,2021-04-16,US,,,,,,,3965883,3349306,,,,N/A,N/A,N/A
Admin,2021-04-17,US,2351583,1169402,227452804,139661857,1508930,3031987,,,1160603,92339840,1578858,0,0,0
Report,2021-04-17,US,,,,,,,3588990,3200601,,,,N/A,N/A,N/A
Admin,2021-04-18,US,1125004,541164,228577808,140203021,1466381,2992616,,,571355,92911195,1547348,0,0,0
Report,2021-04-18,US,,,,,,,3534901,3194240,,,,N/A,N/A,N/A
Admin,2021-04-19,US,2561321,1089759,231139129,141292780,1387970,2929299,,,1438510,94349705,1510511,0,0,0
Report,2021-04-19,US,,,,,,,2174495,3127038,,,,N/A,N/A,N/A
Admin,2021-04-20,US,3233021,1386559,234372150,142679339,1335673,2896064,,,1807000,96156705,1527423,0,0,0
Report,2021-04-20,US,,,,,,,1806929,3015065,,,,N/A,N/A,N/A
Admin,2021-04-21,US,3455995,1396014,237828145,144075353,1285359,2864092,,,2016004,98172709,1545063,0,0,0
Report,2021-04-21,US,,,,,,,2563671,3022868,,,,N/A,N/A,N/A
Admin,2021-04-22,US,3476029,1413336,241304174,145488689,1234746,2827448,,,2022111,100194820,1559417,0,0,0
Report,2021-04-22,US,,,,,,,2995734,2947229,,,,N/A,N/A,N/A
Admin,2021-04-23,US,3281999,1372444,244586173,146861133,1195525,2783564,,,1869122,102063942,1554957,0,0,0
Report,2021-04-23,US,,,,,,,3374587,2862758,,,,N/A,N/A,N/A
Admin,2021-04-24,US,2198734,1010790,246784907,147871923,1172867,2761729,,,1171100,103235042,1556457,0,0,0
Report,2021-04-24,US,,,,,,,3318230,2824078,,,,N/A,N/A,N/A
Admin,2021-04-25,US,992285,495925,247777192,148367848,1166404,2742769,,,489498,103724540,1544763,0,0,0
Report,2021-04-25,US,,,,,,,3020948,2750656,,,,N/A,N/A,N/A
Admin,2021-04-26,US,2373600,944348,250150792,149312196,1145631,2715951,,,1406526,105131066,1540194,0,0,0
Report,2021-04-26,US,,,,,,,2107046,2741021,,,,N/A,N/A,N/A
Admin,2021-04-27,US,2870637,1114628,253021429,150426824,1106784,2664182,,,1764060,106895126,1534060,0,0,0
Report,2021-04-27,US,,,,,,,1639215,2717062,,,,N/A,N/A,N/A
Admin,2021-04-28,US,3070412,1159653,256091841,151586477,1073018,2609099,,,1940658,108835784,1523296,0,0,0
Report,2021-04-28,US,,,,,,,2231745,2669644,,,,N/A,N/A,N/A
Admin,2021-04-29,US,3027266,1119042,259119107,152705519,1030976,2544990,,,1949855,110785639,1512974,0,0,0
Report,2021-04-29,US,,,,,,,2721079,2630407,,,,N/A,N/A,N/A
Admin,2021-04-30,US,2888904,1115511,262008011,153821030,994271,2488834,,,1817986,112603625,1505669,0,0,0
Report,2021-04-30,US,,,,,,,2799184,2548207,,,,N/A,N/A,N/A
Admin,2021-05-01,US,1820397,705643,263828408,154526673,950679,2434785,,,1143078,113746703,1501665,0,0,0
Report,2021-05-01,US,,,,,,,3303794,2546144,,,,N/A,N/A,N/A
Admin,2021-05-02,US,872392,327191,264700800,154853864,926574,2417658,,,575022,114321725,1513883,0,0,0
Report,2021-05-02,US,,,,,,,2127998,2418580,,,,N/A,N/A,N/A
Admin,2021-05-03,US,1953841,643324,266654641,155497188,883570,2357692,,,1381044,115702769,1510243,0,0,0
Report,2021-05-03,US,,,,,,,1188734,2287393,,,,N/A,N/A,N/A
Admin,2021-05-04,US,2492774,822859,269147415,156320047,841889,2303712,,,1731978,117434747,1505660,0,0,0
Report,2021-05-04,US,,,,,,,988846,2194483,,,,N/A,N/A,N/A
Admin,2021-05-05,US,2529250,819246,271676665,157139293,793259,2226403,,,1775151,119209898,1482016,0,0,0
Report,2021-05-05,US,,,,,,,1797771,2132487,,,,N/A,N/A,N/A
Admin,2021-05-06,US,2496791,783313,274173456,157922606,745298,2150621,,,1776437,120986335,1457242,0,0,0
Report,2021-05-06,US,,,,,,,2406932,2087608,,,,N/A,N/A,N/A
Admin,2021-05-07,US,2484650,798143,276658106,158720749,699960,2092870,,,1746630,122732965,1447048,0,0,0
Report,2021-05-07,US,,,,,,,2805581,2088522,,,,N/A,N/A,N/A
Admin,2021-05-08,US,1523852,510420,278181958,159231169,672071,2050507,,,1069137,123802102,1436485,0,0,0
Report,2021-05-08,US,,,,,,,2567872,1983391,,,,N/A,N/A,N/A
Admin,2021-05-09,US,611826,207366,278793784,159438535,654953,2013283,,,430215,124232317,1415798,0,0,0
Report,2021-05-09,US,,,,,,,2369784,2017931,,,,N/A,N/A,N/A
Admin,2021-05-10,US,1589261,491369,280383045,159929904,633245,1961200,,,1144227,125376544,1381967,0,0,0
Report,2021-05-10,US,,,,,,,1882392,2117025,,,,N/A,N/A,N/A
Admin,2021-05-11,US,2031775,665588,282414820,160595492,610778,1895343,,,1420173,126796717,1337424,0,0,0
Report,2021-05-11,US,,,,,,,1533180,2194787,,,,N/A,N/A,N/A
Admin,2021-05-12,US,2003866,651922,284418686,161247414,586874,1820288,,,1411375,128208092,1285456,0,0,0
Report,2021-05-12,US,,,,,,,1548283,2159146,,,,N/A,N/A,N/A
Admin,2021-05-13,US,2262189,934511,286680875,162181925,608474,1786774,,,1378091,129586183,1228549,0,0,0
Report,2021-05-13,US,,,,,,,1915642,2088962,,,,N/A,N/A,N/A
Admin,2021-05-14,US,2438334,1097494,289119209,163279419,651239,1780157,,,1406298,130992481,1179930,0,0,0
Report,2021-05-14,US,,,,,,,1842180,1951333,,,,N/A,N/A,N/A
Admin,2021-05-15,US,1833706,909852,290952915,164189271,708300,1824422,,,973399,131965880,1166254,0,0,0
Report,2021-05-15,US,,,,,,,2393676,1926448,,,,N/A,N/A,N/A
Admin,2021-05-16,US,927657,479041,291880572,164668312,747111,1869541,,,477925,132443805,1173069,0,0,0
Report,2021-05-16,US,,,,,,,2093069,1886917,,,,N/A,N/A,N/A
Admin,2021-05-17,US,1810067,891544,293690639,165559856,804279,1901084,,,988102,133431907,1150766,0,0,0
Report,2021-05-17,US,,,,,,,1486490,1830360,,,,N/A,N/A,N/A
Admin,2021-05-18,US,2059959,994128,295750598,166553984,851213,1905111,,,1139724,134571631,1110702,0,0,0
Report,2021-05-18,US,,,,,,,1123306,1771807,,,,N/A,N/A,N/A
Admin,2021-05-19,US,2074464,988547,297825062,167542531,899302,1915196,,,1157094,135728725,1074376,0,0,0
Report,2021-05-19,US,,,,,,,1754966,1801333,,,,N/A,N/A,N/A
Admin,2021-05-20,US,2004693,925662,299829755,168468193,898038,1878411,,,1149057,136877782,1041657,0,0,0
Report,2021-05-20,US,,,,,,,2107077,1828681,,,,N/A,N/A,N/A
Admin,2021-05-21,US,2044434,936493,301874189,169404686,875038,1822140,,,1174667,138052449,1008566,0,0,0
Report,2021-05-21,US,,,,,,,2198101,1879526,,,,N/A,N/A,N/A
Admin,2021-05-22,US,1438037,731852,303312226,170136538,849610,1765615,,,755185,138807634,977393,0,0,0
Report,2021-05-22,US,,,,,,,2345872,1872697,,,,N/A,N/A,N/A
Admin,2021-05-23,US,654154,339752,303966380,170476290,829711,1726544,,,340130,139147764,957708,0,0,0
Report,2021-05-23,US,,,,,,,1779363,1827882,,,,N/A,N/A,N/A
Admin,2021-05-24,US,1309403,635755,305275783,171112045,793170,1655020,,,733293,139881057,921307,0,0,0
Report,2021-05-24,US,,,,,,,1170314,1782714,,,,N/A,N/A,N/A
Admin,2021-05-25,US,1424709,668486,306700492,171780531,746650,1564270,,,817649,140698706,875296,0,0,0
Report,2021-05-25,US,,,,,,,897972,1750524,,,,N/A,N/A,N/A
Admin,2021-05-26,US,1420096,660361,308120588,172440892,699766,1470789,,,816114,141514820,826585,0,0,0
Report,2021-05-26,US,,,,,,,1423432,1703162,,,,N/A,N/A,N/A
Admin,2021-05-27,US,1333437,615968,309454025,173056860,655524,1374895,,,774083,142288903,773017,0,0,0
Report,2021-05-27,US,,,,,,,1512303,1618194,,,,N/A,N/A,N/A
Admin,2021-05-28,US,1315217,605367,310769242,173662227,608220,1270721,,,765782,143054685,714605,0,0,0
Report,2021-05-28,US,,,,,,,1375171,1500632,,,,N/A,N/A,N/A
Admin,2021-05-29,US,757771,380609,311527013,174042836,558043,1173541,,,411036,143465721,665441,0,0,0
Report,2021-05-29,US,,,,,,,1605272,1394832,,,,N/A,N/A,N/A
Admin,2021-05-30,US,380823,201141,311907836,174243977,538241,1134493,,,199824,143665545,645397,0,0,0
Report,2021-05-30,US,,,,,,,1223800,1315466,,,,N/A,N/A,N/A
Admin,2021-05-31,US,198018,88298,312105854,174332275,460033,975724,,,118678,143784223,557595,0,0,0
Report,2021-05-31,US,,,,,,,962475,1285775,,,,N/A,N/A,N/A
Admin,2021-06-01,US,1246535,526367,313352389,174858642,439730,950271,,,760923,144545146,549491,0,0,0
Report,2021-06-01,US,,,,,,,512915,1230767,,,,N/A,N/A,N/A
Admin,2021-06-02,US,1105739,495426,314458128,175354068,416168,905362,,,662479,145207625,527543,0,0,0
Report,2021-06-02,US,,,,,,,508652,1100084,,,,N/A,N/A,N/A
Admin,2021-06-03,US,1234346,466540,315692474,175820608,394821,891207,,,816278,146023903,533571,0,0,0
Report,2021-06-03,US,,,,,,,808036,999474,,,,N/A,N/A,N/A
Admin,2021-06-04,US,1386724,505146,317079198,176325754,380504,901422,,,929596,146953499,556973,0,0,0
Report,2021-06-04,US,,,,,,,1399594,1002963,,,,N/A,N/A,N/A
Admin,2021-06-05,US,1057788,355341,318136986,176681095,376894,944281,,,731530,147685029,602758,0,0,0
Report,2021-06-05,US,,,,,,,1148208,937669,,,,N/A,N/A,N/A
Admin,2021-06-06,US,509733,173031,318646719,176854126,372878,962697,,,352440,148037469,624560,0,0,0
Report,2021-06-06,US,,,,,,,1369848,958533,,,,N/A,N/A,N/A
Admin,2021-06-07,US,1057956,373800,319704675,177227926,413664,1085545,,,720623,148758092,710552,0,0,0
Report,2021-06-07,US,,,,,,,1213339,994370,,,,N/A,N/A,N/A
Admin,2021-06-08,US,1162534,406371,320867209,177634297,396522,1073545,,,796934,149555026,715697,0,0,0
Report,2021-06-08,US,,,,,,,1071750,1074204,,,,N/A,N/A,N/A
Admin,2021-06-09,US,1154666,394358,322021875,178028655,382084,1080535,,,801432,150356458,735547,0,0,0
Report,2021-06-09,US,,,,,,,829809,1120083,,,,N/A,N/A,N/A
Admin,2021-06-10,US,1157677,407353,323179552,178436008,373629,1069582,,,792268,151148726,732117,0,0,0
Report,2021-06-10,US,,,,,,,934142,1138099,,,,N/A,N/A,N/A
Admin,2021-06-11,US,1220486,430239,324400038,178866247,362928,1045834,,,831377,151980103,718086,0,0,0
Report,2021-06-11,US,,,,,,,822177,1055610,,,,N/A,N/A,N/A
Admin,2021-06-12,US,884736,282125,325284774,179148372,352468,1021112,,,626734,152606837,703115,0,0,0
Report,2021-06-12,US,,,,,,,1602933,1120571,,,,N/A,N/A,N/A
Admin,2021-06-13,US,388610,114012,325673384,179262384,344037,1003809,,,289356,152896193,694103,0,0,0
Report,2021-06-13,US,,,,,,,1209817,1097710,,,,N/A,N/A,N/A
Admin,2021-06-14,US,902583,333107,326575967,179595491,338224,981613,,,603136,153499329,677319,0,0,0
Report,2021-06-14,US,,,,,,,1323282,1113416,,,,N/A,N/A,N/A
Admin,2021-06-15,US,968511,362734,327544478,179958225,331990,953895,,,643076,154142405,655339,0,0,0
Report,2021-06-15,US,,,,,,,1240847,1137572,,,,N/A,N/A,N/A
Admin,2021-06-16,US,935792,360213,328480270,180318438,327112,922627,,,614985,154757390,628704,0,0,0
Report,2021-06-16,US,,,,,,,1028496,1165956,,,,N/A,N/A,N/A
Admin,2021-06-17,US,884299,352397,329364569,180670835,319261,883573,,,574241,155331631,597557,0,0,0
Report,2021-06-17,US,,,,,,,2054216,1325967,,,,N/A,N/A,N/A
Admin,2021-06-18,US,912417,370152,330276986,181040987,310677,839564,,,580393,155912024,561703,0,0,0
Report,2021-06-18,US,,,,,,,1079390,1362712,,,,N/A,N/A,N/A
Admin,2021-06-19,US,570122,231909,330847108,181272896,303503,794619,,,361203,156273227,523770,0,0,0
Report,2021-06-19,US,,,,,,,1069021,1286438,,,,N/A,N/A,N/A
Admin,2021-06-20,US,273654,112203,331120762,181385099,303245,778196,,,171747,156444974,506968,0,0,0
Report,2021-06-20,US,,,,,,,848611,1234838,,,,N/A,N/A,N/A
Admin,2021-06-21,US,554719,301770,331675481,181686869,298768,728502,,,283924,156728898,461367,0,0,0
Report,2021-06-21,US,,,,,,,610033,1132945,,,,N/A,N/A,N/A
Admin,2021-06-22,US,748542,325427,332424023,182012296,293439,697077,,,456397,157185295,434698,0,0,0
Report,2021-06-22,US,,,,,,,647403,1048167,,,,N/A,N/A,N/A
Admin,2021-06-23,US,729378,331961,333153401,182344257,289403,667590,,,429156,157614451,408151,0,0,0
Report,2021-06-23,US,,,,,,,648209,993840,,,,N/A,N/A,N/A
Admin,2021-06-24,US,693805,320560,333847206,182664817,284855,640376,,,406077,158020528,384128,0,0,0
Report,2021-06-24,US,,,,,,,815152,816831,,,,N/A,N/A,N/A
Admin,2021-06-25,US,759907,352477,334607113,183017294,282330,618589,,,437585,158458113,363727,0,0,0
Report,2021-06-25,US,,,,,,,512174,735800,,,,N/A,N/A,N/A
Admin,2021-06-26,US,494641,226153,335101754,183243447,281507,607806,,,287497,158745610,353197,0,0,0
Report,2021-06-26,US,,,,,,,923724,715044,,,,N/A,N/A,N/A
Admin,2021-06-27,US,264954,127304,335366708,183370751,283665,606563,,,146653,158892263,349612,0,0,0
Report,2021-06-27,US,,,,,,,1204225,765846,,,,N/A,N/A,N/A
Admin,2021-06-28,US,548444,276551,335915152,183647302,280062,605667,,,296471,159188734,351405,0,0,0
Report,2021-06-28,US,,,,,,,1087043,833990,,,,N/A,N/A,N/A
Admin,2021-06-29,US,622821,298908,336537973,183946210,276273,587707,,,348430,159537164,335981,0,0,0
Report,2021-06-29,US,,,,,,,738476,847000,,,,N/A,N/A,N/A
Admin,2021-06-30,US,625311,308660,337163284,184254870,272945,572840,,,342218,159879382,323561,0,0,0
Report,2021-06-30,US,,,,,,,1368679,949925,,,,N/A,N/A,N/A
Admin,2021-07-01,US,595378,291689,337758662,184546559,268820,558779,,,324140,160203522,311856,0,0,0
Report,2021-07-01,US,,,,,,,1630778,1066443,,,,N/A,N/A,N/A
Admin,2021-07-02,US,615842,307471,338374504,184854030,262391,538198,,,332691,160536213,296871,0,0,0
Report,2021-07-02,US,,,,,,,657166,1087156,,,,N/A,N/A,N/A
Admin,2021-07-03,US,353162,180350,338727666,185034380,255848,517987,,,184336,160720549,282134,0,0,0
Report,2021-07-03,US,,,,,,,1161081,1121064,,,,N/A,N/A,N/A
Admin,2021-07-04,US,49714,27611,338777380,185061991,241606,487238,,,26534,160747083,264974,0,0,0
Report,2021-07-04,US,,,,,,,633702,1039561,,,,N/A,N/A,N/A
Admin,2021-07-05,US,393463,201541,339170843,185263532,230890,465098,,,203544,160950627,251699,0,0,0
Report,2021-07-05,US,,,,,,,390686,940081,,,,N/A,N/A,N/A
Admin,2021-07-06,US,579313,275466,339750156,185538998,227541,458883,,,327269,161277896,248676,0,0,0
Report,2021-07-06,US,,,,,,,219408,865929,,,,N/A,N/A,N/A
Admin,2021-07-07,US,565640,283101,340315796,185822099,223890,450358,,,308448,161586344,243851,0,0,0
Report,2021-07-07,US,,,,,,,437117,732848,,,,N/A,N/A,N/A
Admin,2021-07-08,US,561725,290035,340877521,186112134,223654,445551,,,300016,161886360,240405,0,0,0
Report,2021-07-08,US,,,,,,,694333,599070,,,,N/A,N/A,N/A
Admin,2021-07-09,US,628331,323176,341505852,186435310,225897,447335,,,334085,162220445,240604,0,0,0
Report,2021-07-09,US,,,,,,,620612,593848,,,,N/A,N/A,N/A
Admin,2021-07-10,US,397916,211784,341903768,186647094,230388,453728,,,201663,162422108,243079,0,0,0
Report,2021-07-10,US,,,,,,,598995,513550,,,,N/A,N/A,N/A
Admin,2021-07-11,US,214724,116527,342118492,186763621,243090,477301,,,105212,162527320,254319,0,0,0
Report,2021-07-11,US,,,,,,,586244,506771,,,,N/A,N/A,N/A
Admin,2021-07-12,US,515506,275177,342633998,187038798,253609,494736,,,263481,162790801,262882,0,0,0
Report,2021-07-12,US,,,,,,,449122,515119,,,,N/A,N/A,N/A
Admin,2021-07-13,US,522790,281752,343156788,187320550,254507,486661,,,261004,163051805,253415,0,0,0
Report,2021-07-13,US,,,,,,,341466,532556,,,,N/A,N/A,N/A
Admin,2021-07-14,US,526268,283628,343683056,187604178,254583,481037,,,261970,163313775,246775,0,0,0
Report,2021-07-14,US,,,,,,,545543,548045,,,,N/A,N/A,N/A
Admin,2021-07-15,US,536683,298069,344219739,187902247,255730,477459,,,257709,163571484,240732,0,0,0
Report,2021-07-15,US,,,,,,,567174,529879,,,,N/A,N/A,N/A
Admin,2021-07-16,US,620730,347865,344840469,188250112,259257,476373,,,291255,163862739,234613,0,0,0
Report,2021-07-16,US,,,,,,,549205,519678,,,,N/A,N/A,N/A
Admin,2021-07-17,US,397424,224102,345237893,188474214,261017,476303,,,184471,164047210,232157,0,0,0
Report,2021-07-17,US,,,,,,,635290,524863,,,,N/A,N/A,N/A
Admin,2021-07-18,US,232462,135520,345470355,188609734,263730,478837,,,102787,164149997,231811,0,0,0
Report,2021-07-18,US,,,,,,,500910,512673,,,,N/A,N/A,N/A
Admin,2021-07-19,US,564071,339787,346034426,188949521,272960,485775,,,242781,164392778,228853,0,0,0
Report,2021-07-19,US,,,,,,,507076,520952,,,,N/A,N/A,N/A
Admin,2021-07-20,US,599849,372156,346634275,189321677,285875,496783,,,247783,164640561,226965,0,0,0
Report,2021-07-20,US,,,,,,,243940,507020,,,,N/A,N/A,N/A
Admin,2021-07-21,US,626115,386949,347260390,189708626,300635,511047,,,258285,164898846,226438,0,0,0
Report,2021-07-21,US,,,,,,,611493,516441,,,,N/A,N/A,N/A
Admin,2021-07-22,US,644604,416020,347904994,190124646,317486,526465,,,248472,165147318,225119,0,0,0
Report,2021-07-22,US,,,,,,,660898,529830,,,,N/A,N/A,N/A
Admin,2021-07-23,US,742523,487406,348647517,190612052,337420,543864,,,277184,165424502,223109,0,0,0
Report,2021-07-23,US,,,,,,,600157,537109,,,,N/A,N/A,N/A
Admin,2021-07-24,US,460588,301588,349108105,190913640,348489,552887,,,169726,165594228,221002,0,0,0
Report,2021-07-24,US,,,,,,,676050,542932,,,,N/A,N/A,N/A
Admin,2021-07-25,US,257621,201300,349365726,191114940,357887,556481,,,61209,165655437,215062,0,0,0
Report,2021-07-25,US,,,,,,,778996,582659,,,,N/A,N/A,N/A
Admin,2021-07-26,US,638816,445923,350004542,191560863,373049,567159,,,214173,165869610,210976,0,0,0
Report,2021-07-26,US,,,,,,,393083,566374,,,,N/A,N/A,N/A
Admin,2021-07-27,US,696209,479367,350700751,192040230,388365,580925,,,242619,166112229,210238,0,0,0
Report,2021-07-27,US,,,,,,,395489,588024,,,,N/A,N/A,N/A
Admin,2021-07-28,US,714610,489703,351415361,192529933,403044,593567,,,250599,166362828,209140,0,0,0
Report,2021-07-28,US,,,,,,,753984,608380,,,,N/A,N/A,N/A
Admin,2021-07-29,US,714850,496242,352130211,193026175,414504,603602,,,244412,166607240,208560,0,0,0
Report,2021-07-29,US,,,,,,,710071,615404,,,,N/A,N/A,N/A
Admin,2021-07-30,US,828151,572746,352958362,193598921,426696,615835,,,282603,166889843,209334,0,0,0
Report,2021-07-30,US,,,,,,,856919,652085,,,,N/A,N/A,N/A
Admin,2021-07-31,US,510055,344979,353468417,193943900,432894,622901,,,175519,167065362,210162,0,0,0
Report,2021-07-31,US,,,,,,,711952,657213,,,,N/A,N/A,N/A
Admin,2021-08-01,US,317270,221918,353785687,194165818,435840,631423,,,95262,167160624,215026,0,0,0
Report,2021-08-01,US,,,,,,,816203,662529,,,,N/A,N/A,N/A
Admin,2021-08-02,US,712243,502434,354497930,194668252,443913,641912,,,230993,167391617,217429,0,0,0
Report,2021-08-02,US,,,,,,,467676,673185,,,,N/A,N/A,N/A
Admin,2021-08-03,US,755964,535326,355253894,195203578,451907,650449,,,247160,167638777,218078,0,0,0
Report,2021-08-03,US,,,,,,,452804,681373,,,,N/A,N/A,N/A
Admin,2021-08-04,US,771037,549259,356024931,195752837,460415,658510,,,248986,167887763,217847,0,0,0
Report,2021-08-04,US,,,,,,,725329,677279,,,,N/A,N/A,N/A
Admin,2021-08-05,US,785806,556702,356810737,196309539,469052,668646,,,258339,168146102,219837,0,0,0
Report,2021-08-05,US,,,,,,,863941,699261,,,,N/A,N/A,N/A
Admin,2021-08-06,US,899840,622728,357710577,196932267,476192,678887,,,303995,168450097,222893,0,0,0
Report,2021-08-06,US,,,,,,,821060,694138,,,,N/A,N/A,N/A
Admin,2021-08-07,US,553535,380259,358264112,197312526,481232,685099,,,185445,168635542,224311,0,0,0
Report,2021-08-07,US,,,,,,,839709,712389,,,,N/A,N/A,N/A
Admin,2021-08-08,US,346082,235681,358610194,197548207,483198,689215,,,114709,168750251,227089,0,0,0
Report,2021-08-08,US,,,,,,,773742,706323,,,,N/A,N/A,N/A
Admin,2021-08-09,US,775526,518080,359385720,198066287,485434,698255,,,280126,169030377,234108,0,0,0
Report,2021-08-09,US,,,,,,,532245,715547,,,,N/A,N/A,N/A
Admin,2021-08-10,US,792244,527796,360177964,198594083,484358,703438,,,287678,169318055,239896,0,0,0
Report,2021-08-10,US,,,,,,,617769,739114,,,,N/A,N/A,N/A
Admin,2021-08-11,US,762126,496614,360940090,199090697,476837,702165,,,289284,169607339,245653,0,0,0
Report,2021-08-11,US,,,,,,,654600,729009,,,,N/A,N/A,N/A
Admin,2021-08-12,US,796298,511961,361736388,199602658,470446,703664,,,306613,169913952,252550,0,0,0
Report,2021-08-12,US,,,,,,,654350,699068,,,,N/A,N/A,N/A
Admin,2021-08-13,US,939756,578627,362676144,200181285,464145,709366,,,381256,170295208,263587,12686,12686,1812
Report,2021-08-13,US,,,,,,,918056,712924,,,,N/A,N/A,N/A
Admin,2021-08-14,US,619201,361923,363295345,200543208,461526,718747,,,237589,170532797,271036,33791,46477,6640
Report,2021-08-14,US,,,,,,,990875,734520,,,,N/A,N/A,N/A
Admin,2021-08-15,US,394556,211464,363689901,200754672,458066,725672,,,158177,170690974,277246,30750,77227,11032
Report,2021-08-15,US,,,,,,,664840,718962,,,,N/A,N/A,N/A
Admin,2021-08-16,US,862152,465144,364552053,201219816,450504,738047,,,347245,171038219,286834,75784,153011,21859
Report,2021-08-16,US,,,,,,,858392,765555,,,,N/A,N/A,N/A
Admin,2021-08-17,US,913117,490630,365465170,201710446,445195,755315,,,356181,171394400,296620,93711,246722,35246
Report,2021-08-17,US,,,,,,,602938,763436,,,,N/A,N/A,N/A
Admin,2021-08-18,US,941661,487844,366406831,202198290,443942,780963,,,370967,171765367,308289,110148,356870,50981
Report,2021-08-18,US,,,,,,,704840,770613,,,,N/A,N/A,N/A
Admin,2021-08-19,US,933474,480348,367340305,202678638,439426,800559,,,373250,172138617,317809,108132,465002,66429
Report,2021-08-19,US,,,,,,,1023545,823355,,,,N/A,N/A,N/A
Admin,2021-08-20,US,1094242,538765,368434547,203217403,433731,822629,,,468011,172606628,330202,114742,579744,81008
Report,2021-08-20,US,,,,,,,1010907,836620,,,,N/A,N/A,N/A
Admin,2021-08-21,US,657600,321432,369092147,203538835,427947,828114,,,290342,172896970,337739,57787,637531,84436
Report,2021-08-21,US,,,,,,,1050277,845106,,,,N/A,N/A,N/A
Admin,2021-08-22,US,384507,183588,369476654,203722423,423964,826679,,,175109,173072079,340157,29572,667103,84268
Report,2021-08-22,US,,,,,,,973207,889158,,,,N/A,N/A,N/A
Admin,2021-08-23,US,909682,442637,370386336,204165060,420749,833469,,,396255,173468334,347159,91523,758626,86516
Report,2021-08-23,US,,,,,,,610018,853676,,,,N/A,N/A,N/A
Admin,2021-08-24,US,938699,462557,371325035,204627617,416739,837123,,,405028,173873362,354137,94579,853205,86640
Report,2021-08-24,US,,,,,,,648003,860114,,,,N/A,N/A,N/A
Admin,2021-08-25,US,955171,470571,372280206,205098188,414271,839053,,,412298,174285660,360041,97404,950609,84820
Report,2021-08-25,US,,,,,,,926909,891838,,,,N/A,N/A,N/A
Admin,2021-08-26,US,978632,477510,373258838,205575698,413866,845504,,,422432,174708092,367067,104659,1055268,84324
Report,2021-08-26,US,,,,,,,924973,877756,,,,N/A,N/A,N/A
Admin,2021-08-27,US,1157152,536115,374415990,206111813,413487,854491,,,526318,175234410,375397,119408,1174676,84990
Report,2021-08-27,US,,,,,,,1070810,886314,,,,N/A,N/A,N/A
Admin,2021-08-28,US,703739,320010,375119729,206431823,413284,861083,,,332605,175567015,381435,60497,1235173,85377
Report,2021-08-28,US,,,,,,,1073386,889615,,,,N/A,N/A,N/A
Admin,2021-08-29,US,424644,193878,375544373,206625701,414754,866817,,,200451,175767466,385055,33376,1268549,85921
Report,2021-08-29,US,,,,,,,951864,886566,,,,N/A,N/A,N/A
Admin,2021-08-30,US,913039,417855,376457412,207043556,411214,867296,,,420022,176187488,388450,93962,1362511,86269
Report,2021-08-30,US,,,,,,,693177,898446,,,,N/A,N/A,N/A
Admin,2021-08-31,US,914251,420148,377371663,207463704,405155,863804,,,410592,176598080,389245,102539,1465050,87406
Report,2021-08-31,US,,,,,,,655116,899462,,,,N/A,N/A,N/A
Admin,2021-09-01,US,911077,425152,378282740,207888856,398667,857504,,,396544,176994624,386994,109588,1574638,89147
Report,2021-09-01,US,,,,,,,1068102,919633,,,,N/A,N/A,N/A
Admin,2021-09-02,US,882984,404455,379165724,208293311,388230,843840,,,390535,177385159,382438,107856,1682494,89604
Report,2021-09-02,US,,,,,,,836488,906992,,,,N/A,N/A,N/A
Admin,2021-09-03,US,1027414,455633,380193138,208748944,376733,825306,,,477661,177862820,375487,112527,1795021,88621
Report,2021-09-03,US,,,,,,,1400192,954046,,,,N/A,N/A,N/A
Admin,2021-09-04,US,553361,247031,380746499,208995975,366307,803824,,,270523,178133343,366618,41638,1836659,85927
Report,2021-09-04,US,,,,,,,972115,939579,,,,N/A,N/A,N/A
Admin,2021-09-05,US,361715,168783,381108214,209164758,362722,794834,,,168859,178302202,362105,25546,1862205,84808
Report,2021-09-05,US,,,,,,,599430,889231,,,,N/A,N/A,N/A
Admin,2021-09-06,US,172996,81679,381281210,209246437,314697,689114,,,83789,178385991,314071,10263,1872468,72851
Report,2021-09-06,US,,,,,,,404549,847999,,,,N/A,N/A,N/A
Admin,2021-09-07,US,896460,355784,382177670,209602221,305502,686572,,,467796,178853787,322243,87074,1959542,70642
Report,2021-09-07,US,,,,,,,502475,826193,,,,N/A,N/A,N/A
Admin,2021-09-08,US,832582,367937,383010252,209970158,297329,675358,,,391284,179245071,321492,90211,2049753,67874
Report,2021-09-08,US,,,,,,,959754,810715,,,,N/A,N/A,N/A
Admin,2021-09-09,US,834300,373858,383844552,210344016,292958,668404,,,386746,179631817,320951,91637,2141390,65557
Report,2021-09-09,US,,,,,,,666933,786493,,,,N/A,N/A,N/A
Admin,2021-09-10,US,1018804,450847,384863356,210794863,292274,667174,,,487442,180119259,322348,100603,2241993,63853
Report,2021-09-10,US,,,,,,,947652,721844,,,,N/A,N/A,N/A
Admin,2021-09-11,US,589219,259502,385452575,211054365,294056,672296,,,291937,180411196,325407,45854,2287847,64455
Report,2021-09-11,US,,,,,,,902503,711899,,,,N/A,N/A,N/A
Admin,2021-09-12,US,344604,157059,385797179,211211424,292381,669852,,,168673,180579869,325381,21017,2308864,63808
Report,2021-09-12,US,,,,,,,769683,736221,,,,N/A,N/A,N/A
Admin,2021-09-13,US,768343,337433,386565522,211548857,328917,754901,,,374084,180953953,366851,70949,2379813,72478
Report,2021-09-13,US,,,,,,,589822,762689,,,,N/A,N/A,N/A
Admin,2021-09-14,US,738142,316761,387303664,211865618,323342,732284,,,368723,181322676,352698,69632,2449445,69986
Report,2021-09-14,US,,,,,,,621540,779698,,,,N/A,N/A,N/A
Admin,2021-09-15,US,747642,312934,388051306,212178552,315485,720150,,,379473,181702149,351011,71754,2521199,67349
Report,2021-09-15,US,,,,,,,841530,762809,,,,N/A,N/A,N/A
Admin,2021-09-16,US,748077,311549,388799383,212490101,306584,707833,,,382253,182084402,350369,72542,2593741,64622
Report,2021-09-16,US,,,,,,,743608,773763,,,,N/A,N/A,N/A
Admin,2021-09-17,US,888768,352073,389688151,212842174,292473,689256,,,469578,182553980,347817,84678,2678419,62347
Report,2021-09-17,US,,,,,,,956474,775023,,,,N/A,N/A,N/A
Admin,2021-09-18,US,513659,205654,390201810,213047828,284780,678462,,,269075,182823055,344551,45499,2723918,62296
Report,2021-09-18,US,,,,,,,916413,777010,,,,N/A,N/A,N/A
Admin,2021-09-19,US,299525,119124,390501335,213166952,279361,672022,,,160432,182983487,343374,21426,2745344,62354
Report,2021-09-19,US,,,,,,,674722,763444,,,,N/A,N/A,N/A
Admin,2021-09-20,US,676098,266558,391177433,213433510,269236,658844,,,341928,183325415,338780,80597,2825941,63733
Report,2021-09-20,US,,,,,,,651869,772308,,,,N/A,N/A,N/A
Admin,2021-09-21,US,664677,263328,391842110,213696838,261603,648349,,,333508,183658923,333749,83805,2909746,65757
Report,2021-09-21,US,,,,,,,542935,761079,,,,N/A,N/A,N/A
Admin,2021-09-22,US,655370,256432,392497480,213953270,253531,635167,,,327443,183986366,326316,81197,2990943,67106
Report,2021-09-22,US,,,,,,,712900,742703,,,,N/A,N/A,N/A
Admin,2021-09-23,US,664891,258193,393162371,214211463,245909,623284,,,320093,184306459,317436,97447,3088390,70664
Report,2021-09-23,US,,,,,,,327988,683329,,,,N/A,N/A,N/A
Admin,2021-09-24,US,968038,328070,394130409,214539533,242480,634608,,,403206,184709665,307955,246841,3335231,93830
Report,2021-09-24,US,,,,,,,745405,653176,,,,N/A,N/A,N/A
Admin,2021-09-25,US,660569,210840,394790978,214750373,243221,655595,,,223758,184933423,301481,229311,3564542,120089
Report,2021-09-25,US,,,,,,,805580,637343,,,,N/A,N/A,N/A
Admin,2021-09-26,US,399981,124016,395190959,214874389,243920,669946,,,141676,185075099,298801,134663,3699205,136266
Report,2021-09-26,US,,,,,,,741639,646902,,,,N/A,N/A,N/A
Admin,2021-09-27,US,1001652,311597,396192611,215185986,250354,716454,,,217026,185292125,280958,480929,4180134,193456
Report,2021-09-27,US,,,,,,,550595,632435,,,,N/A,N/A,N/A
Admin,2021-09-28,US,1101975,304921,397294586,215490907,256296,778925,,,296740,185588865,275706,508518,4688652,254129
Report,2021-09-28,US,,,,,,,487651,624537,,,,N/A,N/A,N/A
Admin,2021-09-29,US,1106612,300919,398401198,215791826,262651,843388,,,303536,185892401,272290,510684,5199336,315485
Report,2021-09-29,US,,,,,,,840088,642707,,,,N/A,N/A,N/A
Admin,2021-09-30,US,1128182,302931,399529380,216094757,269042,909572,,,309424,186201825,270766,523667,5723003,376373
Report,2021-09-30,US,,,,,,,917333,726899,,,,N/A,N/A,N/A
Admin,2021-10-01,US,1249522,328043,400778902,216422800,269038,949784,,,364925,186566750,265297,562767,6285770,421506
Report,2021-10-01,US,,,,,,,846871,741394,,,,N/A,N/A,N/A
Admin,2021-10-02,US,613812,180040,401392714,216602840,264638,943105,,,201344,186768094,262095,236065,6521835,422470
Report,2021-10-02,US,,,,,,,933417,759656,,,,N/A,N/A,N/A
Admin,2021-10-03,US,357137,110207,401749851,216713047,262665,936984,,,126557,186894651,259936,120877,6642712,420501
Report,2021-10-03,US,,,,,,,1244542,831500,,,,N/A,N/A,N/A
Admin,2021-10-04,US,952805,260389,402702656,216973436,255350,930006,,,247462,187142113,264284,451120,7093832,416243
Report,2021-10-04,US,,,,,,,984739,893520,,,,N/A,N/A,N/A
Admin,2021-10-05,US,988689,257653,403691345,217231089,248597,913822,,,249772,187391885,257574,488935,7582767,413445
Report,2021-10-05,US,,,,,,,798491,937926,,,,N/A,N/A,N/A
Admin,2021-10-06,US,997802,260292,404689147,217491381,242794,898278,,,251014,187642899,250071,493729,8076496,411023
Report,2021-10-06,US,,,,,,,957359,954679,,,,N/A,N/A,N/A
Admin,2021-10-07,US,973400,260543,405662547,217751924,236738,876166,,,245601,187888500,240953,475591,8552087,404155
Report,2021-10-07,US,,,,,,,877030,948921,,,,N/A,N/A,N/A
Admin,2021-10-08,US,1107751,296927,406770298,218048851,232293,855913,,,301216,188189716,231852,518746,9070833,397866
Report,2021-10-08,US,,,,,,,1116978,987508,,,,N/A,N/A,N/A
Admin,2021-10-09,US,522277,153412,407292575,218202263,228489,842837,,,163511,188353227,226447,209401,9280234,394057
Report,2021-10-09,US,,,,,,,1149818,1018422,,,,N/A,N/A,N/A
Admin,2021-10-10,US,304667,96611,407597242,218298874,226547,835341,,,101379,188454606,222850,107458,9387692,392140
Report,2021-10-10,US,,,,,,,768209,950375,,,,N/A,N/A,N/A
Admin,2021-10-11,US,826693,236663,408423935,218535537,223157,817325,,,214622,188669228,218159,383547,9771239,382487
Report,2021-10-11,US,,,,,,,486392,879182,,,,N/A,N/A,N/A
Admin,2021-10-12,US,893993,240620,409317928,218776157,220724,803797,,,225758,188894986,214728,435478,10206717,374850
Report,2021-10-12,US,,,,,,,502985,836967,,,,N/A,N/A,N/A
Admin,2021-10-13,US,871409,236545,410189337,219012702,217332,785741,,,221420,189116406,210501,423087,10629804,364758
Report,2021-10-13,US,,,,,,,794421,813690,,,,N/A,N/A,N/A
Admin,2021-10-14,US,881019,236963,411070356,219249665,213963,772544,,,220816,189337222,206960,432921,11062725,358663
Report,2021-10-14,US,,,,,,,1073311,841731,,,,N/A,N/A,N/A
Admin,2021-10-15,US,1009944,272664,412080300,219522329,210497,758571,,,268446,189605668,202278,479313,11542038,353029
Report,2021-10-15,US,,,,,,,1126317,843065,,,,N/A,N/A,N/A
Admin,2021-10-16,US,478110,146271,412558410,219668600,209477,752262,,,140078,189745746,198931,196326,11738364,351161
Report,2021-10-16,US,,,,,,,876086,803960,,,,N/A,N/A,N/A
Admin,2021-10-17,US,261536,86478,412819946,219755078,208029,746100,,,81529,189827275,196095,94493,11832857,349309
Report,2021-10-17,US,,,,,,,818998,811216,,,,N/A,N/A,N/A
Admin,2021-10-18,US,801214,231804,413621160,219986882,207335,742460,,,204797,190032072,194692,373943,12206800,347937
Report,2021-10-18,US,,,,,,,531983,817729,,,,N/A,N/A,N/A
Admin,2021-10-19,US,790492,211426,414411652,220198308,203164,727674,,,187326,190219398,189201,401109,12607909,343027
Report,2021-10-19,US,,,,,,,641045,837452,,,,N/A,N/A,N/A
Admin,2021-10-20,US,798343,210715,415209995,220409023,199474,717236,,,188632,190408030,184517,409321,13017230,341061
Report,2021-10-20,US,,,,,,,750750,831213,,,,N/A,N/A,N/A
Admin,2021-10-21,US,820453,216172,416030448,220625195,196504,708584,,,190807,190598837,180230,423274,13440504,339683
Report,2021-10-21,US,,,,,,,820913,795156,,,,N/A,N/A,N/A
Admin,2021-10-22,US,1324572,313086,417355020,220938281,202279,753531,,,239267,190838104,176062,781722,14222226,382884
Report,2021-10-22,US,,,,,,,952375,770307,,,,N/A,N/A,N/A
Admin,2021-10-23,US,804274,191856,418159294,221130137,208791,800126,,,131263,190969367,174803,485477,14707703,424191
Report,2021-10-23,US,,,,,,,893144,772744,,,,N/A,N/A,N/A
Admin,2021-10-24,US,458527,117255,418617821,221247392,213188,828267,,,78238,191047605,174332,264272,14971975,448445
Report,2021-10-24,US,,,,,,,789309,768503,,,,N/A,N/A,N/A
Admin,2021-10-25,US,1467718,330446,420085539,221577838,227279,923482,,,200422,191248027,173707,944645,15916620,529974
Report,2021-10-25,US,,,,,,,656714,786321,,,,N/A,N/A,N/A
Admin,2021-10-26,US,1498950,325851,421584489,221903689,243626,1024691,,,197943,191445970,175224,985776,16902396,613498
Report,2021-10-26,US,,,,,,,709834,796148,,,,N/A,N/A,N/A
Admin,2021-10-27,US,1553683,333213,423138172,222236902,261126,1132596,,,203158,191649128,177299,1028501,17930897,701952
Report,2021-10-27,US,,,,,,,1142398,852098,,,,N/A,N/A,N/A
Admin,2021-10-28,US,1537507,323712,424675679,222560614,276488,1235033,,,204114,191853242,179200,1022239,18953136,787519
Report,2021-10-28,US,,,,,,,1641113,969270,,,,N/A,N/A,N/A
Admin,2021-10-29,US,1708116,356501,426383795,222917115,282691,1289825,,,232491,192085733,178232,1131868,20085004,837540
Report,2021-10-29,US,,,,,,,1225216,1008247,,,,N/A,N/A,N/A
Admin,2021-10-30,US,786017,182505,427169812,223099620,281355,1287216,,,115958,192201691,176046,494868,20579872,838881
Report,2021-10-30,US,,,,,,,1636930,1114502,,,,N/A,N/A,N/A
Admin,2021-10-31,US,419506,109085,427589318,223208705,280188,1281642,,,68140,192269831,174603,245335,20825207,836176
Report,2021-10-31,US,,,,,,,1412416,1203517,,,,N/A,N/A,N/A
Admin,2021-11-01,US,1370084,307845,428959402,223516550,276959,1267694,,,188855,192458686,172951,885234,21710441,827689
Report,2021-11-01,US,,,,,,,935285,1243313,,,,N/A,N/A,N/A
Admin,2021-11-02,US,1430860,309070,430390262,223825620,274562,1257967,,,183488,192642174,170886,951010,22661451,822722
Report,2021-11-02,US,,,,,,,937410,1275824,,,,N/A,N/A,N/A
Admin,2021-11-03,US,1481188,332115,431871450,224157735,274405,1247611,,,186900,192829074,168563,976068,23637519,815232
Report,2021-11-03,US,,,,,,,1330034,1302629,,,,N/A,N/A,N/A
Admin,2021-11-04,US,1545264,363520,433416714,224521255,280092,1248719,,,187627,193016701,166208,1006132,24643651,812931
Report,2021-11-04,US,,,,,,,1455264,1276079,,,,N/A,N/A,N/A
Admin,2021-11-05,US,1805814,465708,435222528,224986963,295693,1262676,,,222829,193239530,164828,1132163,25775814,812973
Report,2021-11-05,US,,,,,,,1278448,1283684,,,,N/A,N/A,N/A
Admin,2021-11-06,US,977842,383623,436200370,225370586,324424,1290079,,,113990,193353520,164547,487089,26262903,811862
Report,2021-11-06,US,,,,,,,1435968,1254975,,,,N/A,N/A,N/A
Admin,2021-11-07,US,521564,222134,436721934,225592720,340574,1304659,,,67786,193421306,164496,236221,26499124,810560
Report,2021-11-07,US,,,,,,,1485116,1265361,,,,N/A,N/A,N/A
Admin,2021-11-08,US,1374030,470517,438095964,226063237,363812,1305223,,,166686,193587992,161329,749185,27248309,791124
Report,2021-11-08,US,,,,,,,1184236,1300925,,,,N/A,N/A,N/A
Admin,2021-11-09,US,1541703,524627,439637667,226587864,394606,1321057,,,160931,193748923,158107,866749,28115058,779087
Report,2021-11-09,US,,,,,,,1044533,1316228,,,,N/A,N/A,N/A
Admin,2021-11-10,US,1655122,571164,441292789,227159028,428756,1345905,,,164626,193913549,154925,929623,29044681,772452
Report,2021-11-10,US,,,,,,,1330496,1316294,,,,N/A,N/A,N/A
Admin,2021-11-11,US,1498340,548876,442791129,227707904,455236,1339202,,,147739,194061288,149226,811400,29856081,744633
Report,2021-11-11,US,,,,,,,1512608,1324486,,,,N/A,N/A,N/A
Admin,2021-11-12,US,1868810,637034,444659939,228344938,479711,1348201,,,192896,194254184,144950,1051338,30907419,733086
Report,2021-11-12,US,,,,,,,1352503,1335066,,,,N/A,N/A,N/A
Admin,2021-11-13,US,1115543,525275,445775482,228870213,499947,1367873,,,99335,194353519,142857,495224,31402643,734249
Report,2021-11-13,US,,,,,,,1682461,1370279,,,,N/A,N/A,N/A
Admin,2021-11-14,US,554334,240338,446329816,229110551,502547,1372554,,,58550,194412069,141537,258661,31661304,737454
Report,2021-11-14,US,,,,,,,1525152,1375998,,,,N/A,N/A,N/A
Admin,2021-11-15,US,1470029,469102,447799845,229579653,502345,1386268,,,160288,194572357,140623,850887,32512191,751983
Report,2021-11-15,US,,,,,,,1445647,1413343,,,,N/A,N/A,N/A
Admin,2021-11-16,US,1589201,496983,449389046,230076636,498396,1393054,,,160433,194732790,140552,943657,33455848,762970
Report,2021-11-16,US,,,,,,,1368939,1459687,,,,N/A,N/A,N/A
Admin,2021-11-17,US,1653950,512181,451042996,230588817,489970,1392886,,,164786,194897576,140575,988939,34444787,771444
Report,2021-11-17,US,,,,,,,1414987,1471757,,,,N/A,N/A,N/A
Admin,2021-11-18,US,1676379,510583,452719375,231099400,484499,1418320,,,163795,195061371,142869,1014154,35458941,800409
Report,2021-11-18,US,,,,,,,1461156,1464406,,,,N/A,N/A,N/A
Admin,2021-11-19,US,1940909,584300,454660284,231683700,476966,1428620,,,186697,195248068,141983,1182466,36641407,819141
Report,2021-11-19,US,,,,,,,1905564,1543415,,,,N/A,N/A,N/A
Admin,2021-11-20,US,1162113,453125,455822397,232136825,466659,1435273,,,96900,195344968,141635,617935,37259342,836671
Report,2021-11-20,US,,,,,,,1799682,1560161,,,,N/A,N/A,N/A
Admin,2021-11-21,US,608654,203254,456431051,232340079,461361,1443033,,,57979,195402947,141554,351313,37610655,849907
Report,2021-11-21,US,,,,,,,1498246,1556317,,,,N/A,N/A,N/A
Admin,2021-11-22,US,1694809,473983,458125860,232814062,462058,1475145,,,165121,195568068,142244,1066924,38677579,880770
Report,2021-11-22,US,,,,,,,1204133,1521815,,,,N/A,N/A,N/A
Admin,2021-11-23,US,1664613,475677,459790473,233289739,459015,1485918,,,157752,195725820,141861,1043426,39721005,895022
Report,2021-11-23,US,,,,,,,47015,1332969,,,,N/A,N/A,N/A
Admin,2021-11-24,US,1283465,390704,461073938,233680443,441661,1432991,,,143632,195869452,138839,759521,40480526,862248
Report,2021-11-24,US,,,,,,,1742755,1379793,,,,N/A,N/A,N/A
Admin,2021-11-25,US,22203,7182,461096141,233687625,369746,1196680,,,4059,195873511,116020,11313,40491839,718985
Report,2021-11-25,US,,,,,,,0,1171056,,,,N/A,N/A,N/A
Admin,2021-11-26,US,1123918,306854,462220059,233994479,330111,1079967,,,162227,196035738,112524,662166,41154005,644657
Report,2021-11-26,US,,,,,,,0,898833,,,,N/A,N/A,N/A
Admin,2021-11-27,US,827287,219843,463047346,234214322,296785,1032135,,,178688,196214426,124208,433432,41587437,618299
Report,2021-11-27,US,,,,,,,0,641736,,,,N/A,N/A,N/A
Admin,2021-11-28,US,547574,144890,463594920,234359212,288448,1023409,,,130892,196345318,134624,275098,41862535,607411
Report,2021-11-28,US,,,,,,,0,427700,,,,N/A,N/A,N/A
Admin,2021-11-29,US,1532113,354068,465127033,234713280,271317,1000167,,,326708,196672026,157708,862072,42724607,578147
Report,2021-11-29,US,,,,,,,4787054,939546,,,,N/A,N/A,N/A
Admin,2021-11-30,US,1745390,393069,466872423,235106349,259516,1011707,,,351390,197023416,185370,1013280,43737887,573840
Report,2021-11-30,US,,,,,,,1538717,1152647,,,,N/A,N/A,N/A
Admin,2021-12-01,US,1910803,439027,468783226,235545376,266419,1101326,,,362177,197385593,216591,1121397,44859284,625537
Report,2021-12-01,US,,,,,,,1490337,1116587,,,,N/A,N/A,N/A
Admin,2021-12-02,US,1892607,417065,470675833,235962441,324974,1368527,,,340551,197726144,264661,1145695,46004979,787591
Report,2021-12-02,US,,,,,,,2181735,1428263,,,,N/A,N/A,N/A
Admin,2021-12-03,US,2078475,442088,472754308,236404529,344293,1504892,,,410150,198136294,300079,1236117,47241096,869584
Report,2021-12-03,US,,,,,,,1902552,1700056,,,,N/A,N/A,N/A
Admin,2021-12-04,US,1250265,267493,474004573,236672022,351100,1565318,,,376017,198512311,328269,610947,47852043,894944
Report,2021-12-04,US,,,,,,,2168650,2009864,,,,N/A,N/A,N/A
Admin,2021-12-05,US,580677,141006,474585250,236813028,350545,1570047,,,150567,198662878,331080,291050,48143093,897223
Report,2021-12-05,US,,,,,,,1781064,2264301,,,,N/A,N/A,N/A
Admin,2021-12-06,US,979566,229298,475564816,237042326,332721,1491111,,,176729,198839607,309654,579078,48722171,856795
Report,2021-12-06,US,,,,,,,1402597,1780807,,,,N/A,N/A,N/A
Admin,2021-12-07,US,163579,45050,475728395,237087376,283004,1265138,,,27218,198866825,263344,90988,48813159,725039
Report,2021-12-07,US,,,,,,,1542785,1781389,,,,N/A,N/A,N/A
Admin,2021-12-08,US,4,4,475728399,237087380,220286,992167,,,0,198866825,211604,0,48813159,564839
Report,2021-12-08,US,,,,,,,2485171,1923508,,,,N/A,N/A,N/A
