,0,1,2,3,4,5,6,7,8,9,10,11,12,13,14,15,16,17,18,19,20,21,22,23,24,25,26,27,28,29
0,-0.7966512406589835,-0.6334133884603796,-0.8216696607793305,-0.6088043258619984,-0.542890233925312,-0.359326048666201,-0.48123450769337384,-0.4600418188947864,-0.4732477850794617,-0.4406066980738803,-0.4831835594022788,-0.37984458137290766,-0.36419442982033473,-0.37763704152601746,-0.3971758744996629,-0.438612463463694,-0.41825899865346267,-0.36632901017229563,-0.5042058200623585,-0.39505743825417394,-0.4923696799073605,-0.4320391596426032,-0.42082013858512046,-0.35876917485458104,-0.37454186024804575,-0.38829549608119923,-0.44386850994714483,-0.42982589704668195,-0.4099164386143065,-0.3760103649653123
1,0.823935340824798,0.911967670412399,0.9559838352061996,0.6784635303966567,0.5438530929350532,-0.23508682332815267,-0.42153940435919957,-0.310263579430357,-0.2173212797045486,-0.3075387896038476,-0.20834534896281331,-0.26966403302328046,-0.20143159502659205,-0.2157518310307968,-0.285451944639059,-0.17988554523168854,-0.16689718891281982,-0.19484867765533048,-0.08315292498866445,-0.20327664261392087,-0.13864094076700514,-0.004077200150719107,-0.10725905130243349,-0.17791418172940654,-0.04576564413284032,-0.007700811787197059,-0.27674878543782466,-0.2798997239740024,-0.29612263692462215,-0.14319926378284442
2,0.6162272899807102,0.2518793810255013,-0.3246515598118745,-0.1200718207898204,-0.3545367483093666,-0.1791118260205091,-0.2247251599150578,-0.15417727765788422,-0.18138899292426372,-0.20785501685818886,-0.17641424334995867,-0.1688584249174729,-0.13736238149552044,-0.20397446313207987,-0.16149424995539644,-0.13947827908167568,-0.11768707633580416,-0.17264355947439813,-0.15870897898577246,-0.13522593974923103,-0.14358716453365813,-0.08573176670747011,-0.1881354731351778,-0.11955662057094402,-0.09414180084681242,-0.2244411115077592,-0.20783930190138095,-0.16616832126932835,-0.2074305058486147,-0.2046519611929772
3,0.3938139509618357,0.3780337493817972,0.22204789943421208,-0.38116977135667257,-0.3530339611593452,-0.4411465197543848,-0.3956508615532188,-0.35870896459519674,-0.33311298120392513,-0.3048988616364021,-0.28309265716854437,-0.29950933181203465,-0.3194593731678213,-0.28973180360860995,-0.2774402228116729,-0.3105207460667665,-0.2611253656298123,-0.2718301475357244,-0.3081754989464333,-0.34765243573749915,-0.2934150108413932,-0.24338206456462053,-0.34019755594666085,-0.27656020551418187,-0.32659061235844794,-0.32117887836904374,-0.27022734671469695,-0.24852765185556736,-0.2887897673203025,-0.27415385777327544
4,-1.0766571275982544,-0.9840661773591199,-0.7976131414659312,-0.7602870242186536,-0.35885908146166373,-0.2977262646655312,-0.43175281322895204,-0.40929271476556317,-0.4422763877289233,-0.43621605476452857,-0.46689205687015406,-0.39397274842159474,-0.40494637196716715,-0.40144323323759046,-0.3809648219099666,-0.3843757611618393,-0.3491239334214917,-0.3698003143141316,-0.3808893355411036,-0.4647053158422287,-0.3562913084529494,-0.3632716710397137,-0.4264450234068891,-0.36715125120118053,-0.3884483907151941,-0.40286184256657404,-0.3856229996773359,-0.34053802615671164,-0.3795346586081349,-0.32490058465333527
5,1.6828807503622074,1.0283167498783663,0.9448425590688577,0.3008127099613771,0.023610394016835807,-0.11133213647156419,-0.040785156907857036,-0.25180153331855093,-0.10913442763276066,-0.02405294891450427,-0.12783672655349348,-0.12360775906014962,-0.13426927091558152,-0.09010175313498323,-0.08471903507700672,-0.12140512838942516,-0.022732296528761388,-0.12680379668671088,-0.05063266603621955,-0.14701993607015487,0.1264963822354518,0.10207001091050072,-0.01206254872632225,-0.07196554718999112,0.08653730992223752,-0.15194942676354573,-0.15435707436124835,-0.08995808510230896,-0.15919949931747818,-0.08451229596143839
6,0.39334670205344957,0.25517048590597013,0.017744726562792208,-0.41926706155296156,-0.3046811235963336,-0.3385635095515799,-0.2959759568892968,-0.2876535641095659,-0.3214279537623079,-0.3352182427066938,-0.24913462824979946,-0.28354302927770275,-0.27638751099455156,-0.24502344314607108,-0.24342174586344398,-0.2992611695992636,-0.26648151122777414,-0.27176523850654927,-0.25481804877736547,-0.26945423124124424,-0.24890392691961954,-0.2603019724960095,-0.21461711575707848,-0.2884774726192468,-0.24705722885694495,-0.29736512423997097,-0.282678944189738,-0.29242573459029436,-0.25507648474744943,-0.2611062894586247
7,0.8025004492726713,0.7866396526984133,0.1603167123190307,0.09686850088505738,0.2954364020101025,0.6477182010050513,0.1238718637373345,0.08397244587699748,-0.010007805007121905,0.09932660370641755,0.2546953994869287,0.13071100440837835,-0.06289349262520796,0.06006478802071815,0.28191951003608967,-0.11470893146357414,0.21229675198039086,0.6061483759901954,0.8030741879950978,0.22344096076179554,0.24935320155693672,0.3449337161182537,0.2503200377324724,0.2111081324266338,0.2562519328049481,0.20907149715772858,0.09882048492233882,0.03256226003530691,0.28456727660633446,0.07975471887386487
8,-1.1730996522811648,-0.7008453842053968,-0.4435007585681207,-0.6464950903151859,-0.2753657651033281,-0.48147661401330955,-0.4835042538749505,-0.45797838348269443,-0.45919902153879094,-0.36023556596127027,-0.4604508230116617,-0.46903896528346334,-0.34572984336757906,-0.4572773894980833,-0.4888894601557813,-0.4376973067866448,-0.4653660069919591,-0.4134381141734777,-0.22706493719331436,-0.4753813560909855,-0.3415425998474337,-0.3397846622306369,-0.42203370018032216,-0.4402619388733174,-0.31722211167251196,-0.3929533751340353,-0.36578354664293516,-0.44550577227509985,-0.5591629672814614,-0.6067872679686986
9,0.740493884770919,0.7855962998701949,0.770036831917245,0.6049861688957677,0.14463068265310483,-0.5368302968559793,-0.6043239000155244,-0.561545986472093,-0.6181432429098821,-0.5263631986267208,-0.5644712683346359,-0.5648007725418718,-0.5018817038201063,-0.49486168717088935,-0.45821195367747675,-0.47605843159619204,-0.504619311077616,-0.5519416205998103,-0.5529955582356177,-0.48201356404549284,-0.5887778885073343,-0.5111616391816448,-0.48003098581475057,-0.507496148565077,-0.5248093002437085,-0.4613158223776584,-0.5115916759321146,-0.5260997504932411,-0.47619010877339385,-0.4681656909837146
10,-1.1891736298888524,-1.0532649452757914,-0.49598451237743696,-0.2438264395546727,-0.4181033188197025,-0.38264139669717295,-0.3438555672744061,-0.41590057819995147,-0.3439103311574671,-0.43293906456651143,-0.42138287429396554,-0.3560778225426564,-0.32664683354364765,-0.3869291312730648,-0.40865992079062924,-0.3681549962729638,-0.3355034175132583,-0.33051239006859495,-0.3418373260819181,-0.39044284809542723,-0.36027366738004263,-0.3071076059659779,-0.37724723492940415,-0.36089114262695315,-0.381895465489572,-0.40306627479457824,-0.3708966553480789,-0.3818094522251549,-0.38346983991958694,-0.359728269440925
11,-0.7599440403677962,-0.5537226545946028,-0.5773476142512045,-0.001272287906426528,-0.29401914801171863,-0.4133584153064472,-0.4926528390281512,-0.3420404692322434,-0.39349620357284926,-0.40930731478170346,-0.39172730551683244,-0.40030135716342136,-0.34308332277661685,-0.4848087963928883,-0.507184772701604,-0.37156794816132355,-0.3866743861588439,-0.37355285501300245,-0.4042482879714271,-0.3682732474293724,-0.42551868280161725,-0.43207476923015015,-0.42880648494496654,-0.30481115663628977,-0.4073260701881666,-0.3542721184997719,-0.359223818951744,-0.34457694901796976,-0.38187617380594896,-0.39457178264747267
12,-0.5558140661767927,-0.10964665063538051,-0.27004346716666383,-0.3108466588541104,-0.4522515398887233,-0.3979343470304313,-0.45390335379728697,-0.334094709519373,-0.34257932187204826,-0.4861200062162216,-0.5218975196357476,-0.5290686500071464,-0.3693041825593496,-0.5098911065275261,-0.35425922388036135,-0.503355346454529,-0.4829931424276021,-0.3813120839106224,-0.4003217660898774,-0.43121791288259814,-0.3875096503640673,-0.43677618218180175,-0.3513801852674648,-0.4240721205819957,-0.41354657421730284,-0.3948634916227566,-0.42090593635521867,-0.4327673013357543,-0.47458222197120914,-0.4050489217718323
13,1.4988834881597806,1.1621322308079398,0.8101570479595044,0.612710627603572,-0.09069856648942572,-0.29713335313264444,-0.2967533679277202,-0.3294889296603669,-0.1905523825183465,-0.22970493284024693,-0.1593834212057655,-0.16757526232204997,-0.22311553675208312,-0.20689351246919638,-0.23438163266412773,-0.22824305190697425,-0.20797779758857038,-0.2628646759108049,-0.19269210304916073,-0.21836693316849085,-0.18591133125765055,-0.19995542592511284,-0.20776361980811137,-0.19461487927096788,-0.20966593953952695,-0.19334974348678102,-0.18126548923768782,-0.2260705788661525,-0.2589195415703647,-0.1841502259105257
14,0.8159264171292873,0.738567189409153,0.772347950024929,0.1655288273137753,-0.15621652605850156,-0.2847179242523258,-0.2593519975507969,-0.22216206424177073,-0.23077515446308766,-0.23977796916926858,-0.27701982313913687,-0.1771182217325045,-0.18887301242302262,-0.20023261718492785,-0.22025126367984177,-0.17851347695870592,-0.22716124548480457,-0.17081949450073836,-0.2383251123216064,-0.2616348503276065,-0.2115069495260237,-0.18952191815905142,-0.16965305220726937,-0.22058717178013865,-0.19435599309449783,-0.2251765772897539,-0.2797533683490986,-0.1714382118086368,-0.1641647028575137,-0.2141371572735714
15,0.993226931790557,0.4946048725698078,0.20634565028432691,-0.08067629927407662,0.007402657589266642,-0.1211279828525941,-0.057377407751388186,-0.041662659086362276,-0.16266840593532908,-0.02369756462505257,-0.1652087055615783,-0.09380702703563337,-0.18655485260380383,-0.06581998504456359,-0.1740285163566091,-0.06125951342916152,-0.09381436007813512,-0.1875164739362433,-0.16678014435040464,-0.06541135474126931,-0.10738065668606515,-0.10594025037225392,-0.10668135545091295,-0.1386109860963727,-0.07579730968135848,-0.08297032404158126,0.01287600723643716,-0.01299838320178496,-0.1455390415756562,-0.13304380661431595
16,-0.47938354832596564,-0.4682577236277691,-0.11362187790047527,-0.20907758600996468,-0.01628017071780663,-0.1512001262243365,-0.1973008442351622,-0.1979969974016507,-0.26258790195939075,-0.281121212614302,-0.22745514542316347,-0.21611087066902068,-0.2203821383201514,-0.21430625791244917,-0.15580681548322528,-0.24840081259525335,-0.21309627565525832,-0.1428848071614972,-0.1990791310796422,-0.16156378416746844,-0.21455205320217566,-0.25012308797442906,-0.17958942343684234,-0.17481487444626626,-0.20936725189837066,-0.21107653954989697,-0.2395490097047205,-0.23198312956928424,-0.26119883662463445,-0.2547616763570185
17,0.38227175318973494,0.18783021453187917,-0.10561089645267806,-0.012861158916287141,-0.08643853776720696,-0.15785286577335336,-0.23877767369773686,-0.1653210600102356,-0.17823009243479385,-0.07490108359862457,-0.15807585877679567,-0.18358271383957164,-0.10395814014375233,-0.17574092141518255,-0.15204358728663145,-0.21808246118993774,-0.21374309374855988,-0.23707939231385483,-0.2640230168567235,-0.24592326950287374,-0.21360854660316628,-0.22651357118230392,-0.0697373798821102,-0.14054913681285022,-0.16368191448463515,-0.15910453929947102,-0.29260939893248533,-0.22039352335307946,-0.226902873645775,-0.10420208847408496
18,0.7708403399964074,0.6667037396805499,0.9351838547196094,0.5594201500825866,0.3625715349709394,-0.11927959370155684,-0.2824780566132118,-0.19323730978957987,-0.166656710570986,-0.2028211472367971,-0.21040265868211752,-0.19342938580600144,-0.15277668492755012,-0.28266557033737105,-0.19950830671717648,-0.23006908886630878,-0.16087872236832262,-0.12697858155136985,-0.21550122141521824,-0.19770868132704517,-0.19643042580481632,-0.11275070652103707,-0.16919738828071493,-0.20165436600279943,-0.21352735996637626,-0.19713708388296078,-0.14115447573670212,-0.19276770026252074,-0.1871575316484623,-0.15593515622717158
19,-2.1218545249922456,-1.3575391171518616,-0.8190055785767694,-0.5828238348203851,-0.3971435086223037,-0.4193538626543527,-0.4633574047401127,-0.43089459011947573,-0.39207705222969835,-0.42390476124183873,-0.38989536150080223,-0.4450861855228933,-0.40284484155502587,-0.469823039860801,-0.4213707994170123,-0.3794050660091009,-0.39240642871338144,-0.38875501383824485,-0.4128229163296474,-0.3507988956196803,-0.38162762688454666,-0.35974544407787273,-0.46353514651755834,-0.4118420053737907,-0.392327075875727,-0.4124396203059865,-0.33961848364900116,-0.3683897569065268,-0.35478394177211864,-0.38622935482450366
20,-0.5685202892489367,-1.0771307566961947,-0.7125032270283457,-0.8972089602830937,-0.6603053344852557,-0.5277395334702332,-0.598320349717915,-0.5583603064753627,-0.47877566354577994,-0.4812688709518983,-0.4819826177863131,-0.4537482103967982,-0.43565888156026794,-0.4382126632543105,-0.4294152816282867,-0.4448392932181889,-0.424418995119717,-0.43461513999158985,-0.42825747752122806,-0.48316957673174127,-0.4186668733855413,-0.4601658995910773,-0.38806646973249737,-0.4311554455887821,-0.3864052959788567,-0.3605415374693903,-0.4613026506796875,-0.3705733931989583,-0.4020746630121216,-0.3981894370130251
21,2.369307157703063,1.452273453989034,0.7989563593861863,0.5045355433699259,0.19389353742080645,-0.032360388318194815,-0.2035808957630722,-0.14485971082240529,-0.22149485022492998,-0.20628304027239008,-0.2106545122270194,-0.10583065648096407,-0.1704755987611361,-0.16042313049867898,-0.11647458795663301,-0.2181214157909945,-0.11606104967044087,-0.0373579040426146,0.029586130780593762,-0.08618188772538721,-0.10674769078026675,-0.11063297070652905,-0.09302824945260094,-0.12152232081084031,-0.07018441531681227,-0.06406173041465262,-0.07213485568875495,-0.15764140946955366,-0.12987811467607052,-0.12562145380164821
22,-1.351652386868633,-1.0709477245962615,-0.5707807955484202,-0.4956870254409751,-0.536471418677246,-0.35509569401334024,-0.4043769888440035,-0.41572345621082624,-0.43369896951054443,-0.3758304314850979,-0.35950186793444805,-0.3356466936822464,-0.3471912091173558,-0.40535858780287193,-0.38635986685081086,-0.36596756696902655,-0.3791049788832973,-0.35879116363269686,-0.36365457437884857,-0.3957115463778296,-0.343131755127307,-0.3659198059415926,-0.34344741043559424,-0.35429899761902794,-0.412897682225716,-0.447744300005737,-0.34192512465899133,-0.3851738943231004,-0.40638543382941367,-0.4002598453052297
23,-0.8034591522122593,-0.9922276455734759,-0.8883216855572086,-0.6778275962540088,-0.7624751915066963,-0.7018912502107656,-0.5405319786987961,-0.5393868427162742,-0.49813762758145513,-0.5619979472893399,-0.5057393758006934,-0.5086237031310655,-0.39625260558605535,-0.43672842507189025,-0.4963893292259307,-0.4343037961962813,-0.4750698925030946,-0.4348199844048358,-0.4284113547522739,-0.47663784327951286,-0.5618386888398027,-0.4977510966800801,-0.48458092641223555,-0.42541044389765703,-0.5072364748194576,-0.4267191105613834,-0.3891830056669603,-0.40335272151014345,-0.43450193176099094,-0.39184755087596285
24,-0.15089833621445659,-0.38918061328801007,-0.3542461402785307,-0.008785814048173413,-0.20185107046738152,-0.2513583154035464,-0.29040508431784084,-0.2406299837857408,-0.2604305403091255,-0.2219174705697137,-0.1263276058217343,-0.15503312510777267,-0.21086578996701302,-0.1996407824443475,-0.18918534058370975,-0.14609695308752668,-0.19425362292803605,-0.16512654619792302,-0.1593992637243757,-0.04855199315181205,-0.18515914927490706,-0.23667013627037387,-0.14718260754411838,-0.26448110532706676,-0.22997124604634053,-0.17071094490151623,-0.1510224352878753,-0.23357845697979812,-0.1671843213727914,-0.11097612886499893
25,0.7987987964079273,0.8993993982039636,0.9501857326051323,0.9004966558254265,0.657461313540381,-0.047385014540108995,-0.3120551349351796,-0.2752148284316456,-0.2794895885671759,-0.31864622624895045,-0.2831974304504486,-0.26620815413473586,-0.08346444862419285,-0.21121462464296942,-0.2149426889195628,-0.12530241207952617,-0.20788230246373085,-0.09614387803425022,-0.23124063612451434,-0.224183587111078,-0.180886221090101,-0.30181928244665907,-0.2686899406453248,-0.18930897615327308,-0.15768043936010154,-0.24967436627821482,-0.09929827955709629,-0.23747819866999725,-0.1771631953836872,-0.15717067236468046
26,-0.3289439836092358,-0.06700596909792789,-0.4694377771311868,-0.08973490019800683,-0.24143457032618051,-0.4178972789480978,-0.24538511383648212,-0.2898569428947074,-0.25206300246744495,-0.24669667436010895,-0.32493899651849156,-0.25267412779258075,-0.2866596028653974,-0.23042108088171143,-0.16234599512928924,-0.17534887238358213,-0.2227588039132981,-0.1912830077789398,-0.18436740913904243,-0.18348869646230945,-0.09853250552371617,-0.13795144719102645,-0.21084637912607368,-0.21788287438467657,-0.2541595844155034,-0.31258843559921423,-0.32280291097274605,-0.29188518805582125,-0.25517925124832413,-0.18646990875502953
27,-0.8570497409967822,-0.7365461028734536,-0.3621721364889532,-0.7294913372654237,-0.5344374020239744,-0.5174418929293977,-0.4527286988243841,-0.3789429649901964,-0.5146040837169393,-0.5203763009265833,-0.4707112980608999,-0.3678303821019982,-0.3775132791684431,-0.4026500438851658,-0.3845800538492779,-0.3438522092101692,-0.4816494484471116,-0.4342938404252123,-0.4660163132315233,-0.3999008362095437,-0.392790493352042,-0.3721127874092447,-0.350841248137193,-0.4283822549807537,-0.5132270182004968,-0.4532995471862677,-0.4409246059536446,-0.40952002327846165,-0.38509931658330365,-0.36650257129496977
28,1.0487461471030572,0.7945538505952375,0.8669215926411481,0.45697902675457036,0.06420903827883484,-0.13783590396472226,-0.11797572968312106,-0.2279205858915662,0.025447964492366526,-0.1306762877203245,0.09598747096680885,-0.17294054986075244,-0.15760955703656235,-0.06575827464021888,0.046188285180040645,-0.07696918893217353,-0.07678277381020054,-0.1533994797961209,0.1945786147643581,0.07665948464571012,-0.0420758848949121,0.16063603085418454,-0.06701555613515192,0.0847712090804619,-0.07869563987314636,-0.1553060307862452,0.08783558492157847,-0.14170903646938438,-0.11238300658854716,-0.11112047987645408
29,-1.0569833045437755,-1.0950272049378367,-1.010550156407607,-0.9513249814690611,-0.9317589502506981,-0.5166307240115827,-0.4108293790030131,-0.48002338779743947,-0.6344054689753944,-0.610421538192862,-0.5760872291958744,-0.6083922931544326,-0.5408466476960453,-0.47089856383171663,-0.47555618859146637,-0.441853043409077,-0.4478629303930086,-0.47290862753759316,-0.5029704037221089,-0.6865516456274408,-0.6840319609484256,-0.5191472600559264,-0.5479355975458442,-0.44235233401178947,-0.5917829280508108,-0.6703660192704047,-0.5159128640612329,-0.5701066017229731,-0.490700383771794,-0.4761482362584571
30,-0.502239856739718,-0.6492223429953994,-0.4169401594114747,-0.37333743111119894,-0.3330276559631706,-0.35568327781792364,-0.47429694438752945,-0.3997013644231289,-0.42973874688638636,-0.37062396435770745,-0.3530236271434532,-0.33690073674789295,-0.45567157614960324,-0.41878520444610046,-0.4370948478474451,-0.3798745746922775,-0.38799715251844946,-0.33173165204085703,-0.35575272930954926,-0.40968217313075117,-0.39071976626502125,-0.3562940050553514,-0.32731693746218116,-0.32634001590642814,-0.3574001924901413,-0.3637716768551454,-0.37982789592351596,-0.3547464760723184,-0.394263229597685,-0.42886189143629067
31,0.747729813512483,0.4790291378216365,0.02845952010208861,-0.2983388218973412,-0.08570450857048885,0.05557307941485417,-0.23066561970084332,-0.26450126929725076,-0.2431708566328957,-0.20873659282802792,-0.25954762603528464,-0.15227712240854455,-0.19059506051808286,-0.23068662978686325,-0.20712672379381858,-0.1743358001317273,-0.22110009615661708,-0.22379450229547124,-0.19682660185134743,-0.20646150836044405,-0.2545526896158457,-0.20070042764081586,-0.16785736723654815,-0.1494547147170732,-0.13491124213480882,-0.2240252806834091,-0.20413503770694472,-0.18817969740455479,-0.16370534220312669,-0.14839188462798064
32,-0.1036458004276185,0.017806889087026847,-0.1646169980836126,-0.25322449141576986,-0.16445807876796326,-0.2989101948721553,-0.3189815795400958,-0.35718811265925476,-0.26404706860664345,-0.2435465776028306,-0.30528093428111164,-0.2528417792537198,-0.27827809342450677,-0.2843182709901696,-0.2967502551708251,-0.3104201646490702,-0.2546163809643218,-0.19494935010207518,-0.23695332434992275,-0.2507445025613609,-0.2524378354974504,-0.24984579065819365,-0.14322619008898932,-0.25464361723299384,-0.22886163218581915,-0.26593377933096585,-0.2781587630180828,-0.2731646751077239,-0.27159262074203006,-0.22981844350665906
33,0.561953612258305,0.3494224207952315,0.08044235081121148,-0.15763752487631405,-0.25500536839618637,-0.24201558413420554,0.0076353148369442845,0.003411699390332127,0.006089393501987894,-0.09038020924425116,-0.13311069341658968,-0.03318864650062218,-0.07947815393276667,-0.04772195978291665,0.04510845657235063,-0.09342433081078355,-0.184849078118849,-0.0931464881082642,-0.07607340942424762,-0.1551113749048924,-0.05976377931273321,-0.12693491313062738,-0.0031274034361390146,-0.11347439223315157,-0.1217190465683286,-0.0852002761768539,-0.1604429629705973,-0.15009819333422073,-0.1717280230208338,-0.1753008039581273
34,0.8667316976504919,0.9968329648154401,0.7155533596939152,0.3457812028117345,-0.15964505908028526,-0.33129799626839607,-0.24770642684003494,-0.25662944978157554,-0.2783382210810317,-0.16056046745258742,-0.17378081604625872,-0.31111294528343586,-0.22742805034047614,-0.2585826631836153,-0.22021925559473635,-0.0896582841749987,-0.25018973431776614,-0.19581825510609882,-0.2131579585121472,-0.21942514477773203,-0.07992261890550419,-0.2787293025426194,-0.16241790964979028,-0.240480399156485,-0.21915864872955207,-0.20292346457738591,-0.24455139643487345,-0.26195030763914795,-0.15433039227552714,-0.2114866481437957
35,-0.9703460737212117,-0.9137923644768743,-0.5514607095052689,-0.2297400343532492,-0.3318011529791479,-0.3181791632917337,-0.44432415384835494,-0.42415123637024443,-0.40074620571968483,-0.3352404052456314,-0.3983213291043058,-0.43527544549588865,-0.3809883772215303,-0.3715844025340147,-0.4058148132160043,-0.33581899661217035,-0.36624959532639334,-0.3497577506768699,-0.3122350619280661,-0.3584165746036311,-0.2929617764839302,-0.34676962719104143,-0.24234400851635343,-0.3243250181503267,-0.36075253401683244,-0.33320054395690907,-0.36238633620148825,-0.36792748221419697,-0.36896274064504375,-0.37710197968080206
36,0.5574185088225685,0.3455773967395018,0.13584674622776957,0.04473149882553649,0.20146183313452357,0.220706613613453,0.16682583873729573,-0.10074401673437151,-0.006492119194124402,-0.06956216072207035,0.02970932585184355,0.0995423276751684,0.053661484966335306,0.024122899044563374,0.07560522267584505,-0.01710131952824534,-0.032695419243481995,0.08633993386953315,0.09337871586889102,0.07096134269010868,0.014371085348076426,0.10953675922600566,0.16014519698625848,-0.08564167406173091,-0.10092205762418291,0.018821861865582858,-0.03302413068229949,0.04639414325379685,0.25774315604869097,-0.0518357209912876
37,-1.1700440524814646,-0.9232268691715455,-0.9121959665246819,-0.7470550726472824,-0.3770849963595545,-0.4557661726467359,-0.4503033548347509,-0.4398805111393418,-0.397256898267988,-0.3937896864685899,-0.43566703360963377,-0.3842787010503714,-0.34823536557845297,-0.3728885666877893,-0.4636720038234739,-0.4140477710582136,-0.3876514202592204,-0.5021723801288144,-0.4149594185679171,-0.4515110412468002,-0.41745191778068663,-0.41234616885133396,-0.33141769310569746,-0.3852490759322245,-0.37012891917368945,-0.4292349678757144,-0.4021770610433961,-0.4277560658672906,-0.38321738815573114,-0.49649378953642564
38,0.8837495591028126,0.7161517040467871,0.8557350399319356,0.4283180814611718,-0.3966666248925401,-0.4819639791261527,-0.39228029427229383,-0.3874506532565601,-0.3987803771981558,-0.35720316157561743,-0.2576623556494068,-0.21573115836684004,-0.26828691103314256,-0.24554250681525036,-0.25986082975569424,-0.28914078030885193,-0.22564491030248351,-0.13016678062996284,-0.31909452320069687,-0.26624946515377357,-0.26882068979128393,-0.304521958028043,-0.32068481411013977,-0.24978675877602474,-0.35602210350765934,-0.27763656836011646,-0.3158739722104328,-0.19551327333709245,-0.2480131822260186,-0.266398025783011
39,0.5351596170593685,0.3528842161897569,-0.01445295052060147,-0.2776230518554291,-0.16682990198787082,-0.1576588663394281,-0.2652312520289537,-0.14696063636265708,-0.15576336733063342,-0.193071235942336,-0.20433198818431228,-0.11663835955209778,-0.21814637265718462,-0.15224217078414032,-0.0821675980458189,-0.1622260148551103,-0.03119430842862211,-0.1851501406217922,-0.10795376014786266,-0.17297859077242378,-0.11835016498430823,-0.019695901772075447,-0.15444881136752198,-0.07579802118185025,-0.18753305021162506,-0.2018136333874879,-0.14442183087801277,-0.17886043021630343,-0.17893166310046732,-0.13763969546849364
40,-0.9033529919102019,-0.8768545715657442,-1.0302243133762528,-0.683751922661581,-0.4574113356852065,-0.45050269113701286,-0.6632059808374668,-0.5315219007796189,-0.46878481708962777,-0.4243466120803798,-0.456826632786158,-0.43935804949897006,-0.4838504372127358,-0.4721802645888776,-0.5702943353229908,-0.4347908205619695,-0.4335815025476733,-0.45957501373702375,-0.3760018744641858,-0.41846730080187033,-0.43887990171206476,-0.42253235689844926,-0.4681483681838269,-0.5276032478036371,-0.3649690662082438,-0.3763524273985199,-0.40983706501758715,-0.4562169917587645,-0.43396784257905935,-0.46349162266944255
41,1.1700008883734616,1.085000444186731,0.6806338544995366,0.3309309185689642,-0.2127444845660712,-0.08043536631005573,-0.2642299368809749,-0.2152853745863536,-0.11398545259412884,-0.1363029758006702,-0.21179000909076712,-0.17419119073391132,-0.2205421549705635,-0.0818023748950641,-0.17984266327486734,0.09027397573331034,-0.058235162457812496,-0.07018704667621097,0.03876724245473839,-0.20104944877281533,-0.18967102060276625,-0.27117506749899434,-0.08319869465514362,-0.004242174804333383,-0.19655524943621314,-0.23121806181464483,-0.13300412344173163,-0.05444648767541649,-0.12637991740543456,-0.21355548398154184
42,0.8222689704051218,0.9111344852025609,0.9089234331274432,0.5470801340419874,-0.07852007560446446,-0.3626627447638886,-0.3342043229930611,-0.2852535130435777,-0.2974143896216451,-0.24395672956581044,-0.25370719592630786,-0.3057940586458322,-0.31168389044832373,-0.2456198561402921,-0.28411848905016807,-0.17256658550237544,-0.2136049332041227,-0.2983761763309048,-0.15975807416657054,-0.20541636490411136,-0.24110444601692815,-0.25071329769552025,-0.2844596734608321,-0.31910242137911254,-0.20157130152109992,-0.26716921209536904,-0.2770909137952931,-0.24318762019368556,-0.15391720780914467,-0.2527461835700632
43,-1.3658543192176413,-1.2579961310256924,-1.1959476937350342,-1.0465973409310674,-0.6847166384395519,-0.7318106249494307,-0.6256464253551298,-0.6486051233425368,-0.5566968507167054,-0.5574672108815689,-0.5176583703015949,-0.4688733020775714,-0.5011397999812459,-0.49086913994812986,-0.4690775310068767,-0.5151812411975953,-0.5051917981016841,-0.47210851953316774,-0.5036051557920854,-0.4703408419892951,-0.469005998315863,-0.4235768479446874,-0.505001978895073,-0.5679814192033172,-0.5218787904533757,-0.4612098371072005,-0.5060901791963098,-0.5356341803641441,-0.46822737834125194,-0.513382529347576
44,1.955338237204392,1.308015428653837,1.1134477872043007,0.9180325045028569,0.4119563229769179,-0.19007682006802154,-0.23675592948701923,-0.2598698716211271,-0.3034558471403464,-0.2575586321833009,-0.2034407740477567,-0.18796470182698025,-0.20240046992657906,-0.2676012995184501,-0.17921179070869528,-0.2400611490590146,-0.2062900498302547,-0.21563180904431692,-0.19432221569628166,-0.19320773992572357,-0.15517920356937076,-0.13481890538473237,-0.15980679947688461,-0.24154959019339586,-0.1875399071243349,-0.10888479914509837,-0.0564860071074067,-0.28061118897860976,-0.16491016223884764,-0.16268535622631755
45,0.18938101605044522,-0.2623038219930606,-0.14424542205726834,-0.39343309708915003,-0.5824463403428528,-0.7242415565802197,-0.5059867428615455,-0.6271416754629099,-0.5446406405111752,-0.4970657169496888,-0.637517673929022,-0.5734980324881881,-0.5651704040030163,-0.6105266036049533,-0.5524191627344924,-0.5067941333354707,-0.5616311784213527,-0.5493763761615627,-0.5349178196494889,-0.5295453943397883,-0.4694838079842657,-0.5056562571708374,-0.45274769662869635,-0.5239474226770585,-0.6060896732976929,-0.5055715360308053,-0.4917728566407915,-0.4904297149811915,-0.5155690788419606,-0.4482968509089691
46,-1.5899397640627217,-1.171394186751757,-0.9453813521781675,-0.6462416661612351,-0.5997128305132732,-0.45206036593458415,-0.448472670817318,-0.48485183616117544,-0.41197923397498964,-0.4852642485842932,-0.40448242134403173,-0.46623356900712387,-0.43691228527921544,-0.49162195752464843,-0.3885740760107466,-0.40341088353806775,-0.41374866358131424,-0.3194546054024577,-0.32550349835333164,-0.34993326379253303,-0.437106818434747,-0.44609521851757683,-0.31060786697333875,-0.405564819198285,-0.4544502292387958,-0.3772011758159721,-0.45870020991965815,-0.3416081877291315,-0.404111845754692,-0.43162781255897514
47,1.4137539852534637,1.055089487804757,1.0086570174457314,0.6013902520615474,-0.12457252491579163,-0.17582447906684862,-0.23922133142608604,-0.2111245722631742,-0.23293197014084394,-0.25701180361667997,-0.2093153531609266,-0.16072745132865165,-0.18505718271932536,-0.18011983572136137,-0.22343711230119315,-0.10369448957154036,-0.19648061605247844,-0.17341183425432605,-0.20958134418081176,-0.17713961940460735,-0.20985909011757328,-0.14467786934393373,-0.17639447532805622,-0.20124002192603055,-0.18079421752156905,-0.09559759561649102,-0.20182840026002485,-0.1820083456769445,-0.15099566128789693,-0.16054923026160037
48,-0.5685446110991339,-0.6771150797945213,-0.638385462632768,-0.21055929485474978,-0.36515461072935024,-0.4022031324399336,-0.6090147314049126,-0.4489177768501085,-0.4246866015299842,-0.5304793232562535,-0.5043962364302518,-0.47162132538661117,-0.421469455628411,-0.4377278151285906,-0.33919431855053056,-0.4981423567817068,-0.4088485696231271,-0.4146718650676751,-0.38264947588625076,-0.4734909172234898,-0.4080245221785928,-0.2878246844713743,-0.3109578635315794,-0.46232859255011477,-0.4405013671612858,-0.3889623878097146,-0.35104557836238637,-0.4213442174479704,-0.4089057669407186,-0.3749391090428812
49,-0.5104402445245068,-0.66156770282358,-0.9653838680254956,-0.7285378862191471,-0.41758968835338894,-0.473195307928308,-0.553616870702347,-0.4702338529583774,-0.4297458833653999,-0.4883095035604044,-0.3811261265376654,-0.43084913454815527,-0.47736006991100505,-0.4125517602309429,-0.46553229164690635,-0.3393681921603492,-0.4223702481900794,-0.3800625570502829,-0.38586307745023896,-0.450450920190975,-0.45105273175474636,-0.3915899624351061,-0.4671498602042953,-0.3985461873707218,-0.4040548165760228,-0.4312771157022906,-0.439515250380447,-0.3688134349422289,-0.4954079935127583,-0.4106318515275115
50,-1.545198485485201,-1.171206771462994,-0.7470066463561128,-0.7696229254585427,-0.6585052973121589,-0.38755768728636,-0.41028040344085337,-0.5180746202862537,-0.3930463738636888,-0.44108679928471695,-0.43654595372230076,-0.4003342927124765,-0.39341630395831306,-0.41765458149949897,-0.3639621905108878,-0.4286952831956509,-0.38007725367617906,-0.3831962052678664,-0.42995319878774585,-0.35278660523181743,-0.4348324661029381,-0.33946172572683714,-0.4021053643703511,-0.3848573834159673,-0.4342304755256903,-0.4176785142483455,-0.35511189911147606,-0.397766319386882,-0.37713306350606945,-0.3512743708463759
51,1.5904312251655228,1.1851918281697784,0.8432249253359091,0.8958403258878322,0.6740800397950983,-0.06493225264459292,-0.2800777592057739,-0.26609133644175875,-0.2567574117221287,-0.20109785636233488,-0.2252683232573925,-0.13453812715159136,-0.1118149934525223,-0.1907568639573017,-0.1948091821436884,-0.14815473007308574,-0.2297008165475286,-0.0665652303650357,-0.16630994723096496,-0.10739783552281987,-0.1428463127035821,-0.13453757734246197,-0.18859068287254122,-0.12936289169770618,-0.15155092735870973,-0.15143730660375088,-0.12694086389291892,-0.1741740655051854,-0.18346007378568335,-0.14032743057026575
52,1.1534413434181396,1.0097065723027432,0.5326873509813046,-0.0418554007459957,-0.04063671049459737,-0.09798982086290747,-0.11305029211127836,-0.05630469044807692,-0.18741366480992505,-0.10499820777983021,-0.1029936140976096,-0.0206765822532284,-0.14266471807549724,-0.15935815856499494,-0.1322630398095341,-0.09127315884598983,-0.06711138244279431,-0.13848632782396456,-0.1125245138848117,-0.09080689798778059,-0.1209478874110812,-0.19479332104331973,-0.11345393334524208,-0.14582430258732668,-0.037649089231004886,-0.12151060046277182,-0.1818916495234501,-0.09353192775733474,-0.1371808633626615,-0.10674482215792071
53,-1.784115194545246,-1.087173636645549,-1.0428684663591332,-0.8653159780468863,-0.4666468239798335,-0.5273586746943659,-0.4115178665886416,-0.4631460012519802,-0.4729631992642122,-0.47807268110289997,-0.4528009055651161,-0.43133449351947695,-0.40763610244602144,-0.4479830374582367,-0.4416534884128946,-0.48555915501620694,-0.42253403295218017,-0.37299161775395767,-0.3739276435899358,-0.37181374412931034,-0.42148817192035265,-0.44861742601792987,-0.39714896602107913,-0.4512569527289433,-0.4015599657825491,-0.4096922451304675,-0.4195936458419024,-0.4179329613928913,-0.4910741967417678,-0.4747116529416544
54,-1.3265639971791303,-1.260871485008136,-1.0021305413027806,-0.907212519038439,-0.9598685885829081,-0.6837607256851912,-0.58882489387683,-0.5849195486340952,-0.6193150875057466,-0.5767077184794054,-0.5004937816738645,-0.6232078862731626,-0.4528539226058755,-0.5143526948031378,-0.5283188583953695,-0.48577856058914504,-0.5388841126018936,-0.5407946149058619,-0.573889413490585,-0.5341486209890693,-0.45867120691237934,-0.6403763439074306,-0.5788452427431426,-0.5717972251085518,-0.5127151229663995,-0.5260861959592164,-0.4533979716748583,-0.46044521103489083,-0.5106259044195518,-0.48855394691088655
55,-0.09364916167815052,-0.07888676425064575,-0.15751797395106276,-0.23937842853840566,-0.31606630523874885,-0.40529702002058343,-0.29845963095061756,-0.3168334928036668,-0.3001241995959881,-0.2942490367055766,-0.17998923938536207,-0.2334945747965213,-0.2496572610090847,-0.2751742016006356,-0.24535827885367859,-0.23954735620539108,-0.28129144705218184,-0.2904053897950997,-0.2642070289386706,-0.2050473333071036,-0.26996740026032034,-0.25327155269374896,-0.2279308469847411,-0.264434125650028,-0.23511953443196582,-0.19962361502891138,-0.27037331169955153,-0.2570467266334594,-0.26088792686952816,-0.21502922000825214
56,-1.4521550879313732,-1.054619130915465,-0.6592208308783258,-0.18974109233975814,-0.2618968626859094,-0.3711995699537286,-0.34250684055208286,-0.3561818579987899,-0.35399815586687794,-0.36926683269773664,-0.38573196079671146,-0.4332629404804993,-0.3763958986103729,-0.3125923496540456,-0.4166732124009138,-0.29803456282745333,-0.3993109959298457,-0.4306753513948385,-0.34092455205585565,-0.38280160884260883,-0.38687035034146733,-0.39189552632695873,-0.3622845563369249,-0.3535458730327628,-0.2996422288642368,-0.3044292233920397,-0.3429297611384851,-0.3898125633567677,-0.36446849389583597,-0.3585603671698975
57,0.9875132042640393,0.9118994483899483,0.7513042348711472,0.5871046092702178,0.2667165407242668,-0.1598585530410915,-0.2529057177188603,-0.18966111931938892,-0.3012325462114261,-0.1285993459246558,-0.18475839280044773,-0.23775229476799645,-0.1797896303752322,-0.2625674658359725,-0.18583855231474486,-0.22964493239495226,-0.26381455845315177,-0.24948228270259115,-0.2327139602198892,-0.18671727922452425,-0.21689264561112123,-0.16249765607517194,-0.1173633001097362,-0.2064186593624657,-0.1899946981276933,-0.05262345930874468,-0.17359117262912424,-0.16249964666108996,-0.1392922808009776,-0.224658087835647
58,-0.7245138050978235,-0.7613159259169838,-1.1018631273043566,-1.0266903832352576,-0.7862588705620956,-0.7254213325422879,-0.685710584969572,-0.5686626145841072,-0.5698377614904981,-0.5539732808551029,-0.47600962407989283,-0.5198219431702911,-0.47570787393548014,-0.4291376725166155,-0.4420511395808086,-0.5083976378353832,-0.46127815625266877,-0.520954966225513,-0.5127728012228107,-0.5109741027927216,-0.4758584980569154,-0.527657734139815,-0.5066335258837903,-0.5299381506752774,-0.4814974368994927,-0.49763776861159587,-0.5295284019863122,-0.51587880844461,-0.5274951103124975,-0.4098938326640029
59,1.4045707826735838,1.1356310436532675,1.0745154212726005,0.961557489744035,0.9807787448720175,0.5496591972976232,0.03616923354141592,-0.011474814330166228,-0.13870280034479224,-0.2538498340488756,-0.1393338364912598,-0.11500820725939304,-0.10297260699575632,-0.08310860061761857,-0.1611491418883907,-0.05373970495291509,-0.0667173126320432,-0.11419175572664689,-0.14831912170199538,-0.13065050808442566,-0.17800502607310417,-0.09820049886490728,-0.12209188671231479,-0.15816444766874932,-0.2307855696013761,-0.161742713905996,-0.1918020710566741,-0.16160297770150867,-0.16980389841882718,-0.2368786560106313
60,-0.6994690432484935,-0.9008849253779904,-1.093822180093529,-1.034790778833712,-0.973332069835303,-0.49708661156562084,-0.6712391118590678,-0.5114748143301662,-0.38110655931052756,-0.671837342761974,-0.744611763350438,-0.5475776012049881,-0.5442956980558151,-0.485290121860989,-0.44823572419989494,-0.46732143132191695,-0.48990043032372554,-0.6459211202389114,-0.7062765825921682,-0.5792353561769665,-0.5746150706336691,-0.5790646529135156,-0.5745418347236387,-0.5938062610936962,-0.47342994891139356,-0.5195219902576874,-0.5879076808585221,-0.5787172587934601,-0.5394593941690543,-0.49178045695193884
61,-0.5588318947264725,-0.7943799596269393,-0.6701864063168359,-0.5600107571591737,-0.40094177791483926,-0.38400377343746506,-0.4090992274250137,-0.41467816293779947,-0.4106459534448485,-0.3781899150413731,-0.3853193761248237,-0.3813747941161146,-0.3693957588493355,-0.4065983346772974,-0.4435889069201142,-0.4028689756124726,-0.420833239112456,-0.35138696334017233,-0.348664485872578,-0.341385120724615,-0.3267997901424638,-0.3203053247714322,-0.312286298641365,-0.33218745467519045,-0.3780876509119416,-0.3680697064263544,-0.3919725707810491,-0.3929010562169825,-0.4340236276895023,-0.43948422564145867
62,-0.8349838144087329,-0.8135491982464393,-0.533093761711581,-0.5726123360553006,-0.33823769685625127,-0.3279966928772049,-0.4226519757749083,-0.41959193892132257,-0.3662229778746133,-0.388469768210467,-0.37315109916893174,-0.40346368500442903,-0.3447142088699575,-0.35785684007749896,-0.3713867224790898,-0.38243014822386967,-0.4274367925470849,-0.36763223607166323,-0.31430167429690387,-0.3717303771788803,-0.35236401544742846,-0.37177206614142794,-0.3898883444777953,-0.3478184638750124,-0.34224349042097196,-0.36289856365012035,-0.37239857655209696,-0.37167929853153325,-0.33808961688526684,-0.3535383897804534
63,0.9153275776184833,0.270901471049292,-0.017977687747844084,-0.22175945668849315,-0.09263109776716551,-0.21132421177860664,-0.0653475097615282,-0.15587778540777789,-0.0004290335578662319,-0.21101039469323643,-0.11513892078601651,-0.1641838011785862,-0.13512680976467917,0.03167558777169677,-0.11423346618182986,0.03414422250330958,0.0007115663582854537,-0.04541567023621857,-0.003234136839147439,-0.039969673171115945,-0.022062642347556092,0.05568399882304651,-0.07144869925786705,-0.07835395294710087,-0.054071741183801314,-0.011014989809750781,-0.16230866452596243,-0.050944263080287655,-0.10201800795778754,-0.1426155664929773
64,0.4851312654681976,0.2746985865110313,-0.34570081098573163,-0.3781124145310589,-0.22408784010795113,-0.571723827794839,-0.6313004036513816,-0.5213199797745536,-0.605526237747567,-0.5630150226471925,-0.5662206541577101,-0.5072758937556897,-0.46647017016193926,-0.48258683313914175,-0.4776167533969677,-0.5367942083302316,-0.47294430948276267,-0.4823476157480617,-0.4654783930072112,-0.568284945967829,-0.4604988652514191,-0.4996595857743929,-0.49364791479469944,-0.5964582001398339,-0.5906905546648484,-0.6210962292417408,-0.5517178693965578,-0.5092227073922733,-0.5405657639875654,-0.5757153351184287
65,1.4583499097695174,1.1655976766216938,0.8211577566853782,0.41853214651667625,0.013600340763934682,-0.22393708798133088,-0.24225337583039308,-0.16664796627990222,-0.15749312785481018,-0.23164457629200486,-0.228782044390983,-0.18880671646502598,-0.17611211583395875,-0.1533885457596243,-0.21950558760729263,-0.13013154936837237,-0.18686048747406103,-0.21469008457666502,-0.07535944479366213,-0.10635996009115982,-0.15239936169342722,-0.20695732760061852,-0.1604698438505406,-0.14685483521452886,-0.13966666187625884,-0.18070126732697261,-0.24323605675065568,-0.1652990499391169,-0.15569215568827593,-0.1501720737711808
66,0.8684326368929527,0.8062109273282065,0.6316379534706221,0.3874570031344085,-0.09746090121928822,-0.28483858458370637,-0.13044632994119812,-0.0430363556196526,-0.12137424195970442,-0.16438814345554387,0.04235187690835246,-0.04915586703983865,-0.172164046867465,-0.0821144297575432,-0.19993670742646033,-0.17629455034925026,-0.17973488444013136,-0.0440698753361346,-0.16222341761495337,-0.1885054224914942,-0.11686673897653055,-0.05243594834613696,-0.07985519155236884,-0.17663711098199095,-0.13656202226707945,-0.193828800220599,-0.19683690665015133,-0.10651593819019953,-0.18172456213610264,-0.19416513242951883
67,-1.61582439229562,-1.16460112427922,-0.900946173151108,-0.9052665449570021,-0.6390662028613613,-0.40642713570729744,-0.47050372638554716,-0.46693252718708106,-0.5419667677982264,-0.4725357012522953,-0.4968313236887082,-0.4152681855040713,-0.5920950951939493,-0.46813029241358073,-0.4476236603822833,-0.459181225461309,-0.42172890453524464,-0.4246406301304177,-0.4881493347652209,-0.38736566360340313,-0.43521235282006393,-0.41965501791710386,-0.3865493594972215,-0.47129997184296746,-0.37399739433504303,-0.41876216923991133,-0.4118510758742049,-0.45749084008674323,-0.42148914390041875,-0.4153025807522732
68,-1.0385419308096626,-1.2157267230583513,-0.981199617975565,-1.0171828149675286,-0.8960361363386519,-0.6977885128464426,-0.599283085023822,-0.569284710441648,-0.5457791757315078,-0.5337021881685451,-0.5158364684940183,-0.4944510468381556,-0.5559081495540291,-0.46951381070300274,-0.5268866768219983,-0.483370896577371,-0.4535865401686049,-0.46384658143874785,-0.41327905199714154,-0.44131051942674665,-0.5327398654013845,-0.5248262238846172,-0.5245806227428422,-0.45365240830345127,-0.5422207867187911,-0.48060047913847387,-0.5566734357304,-0.5276349580765495,-0.4673111672430543,-0.5500629275429284
69,-0.6023255683108995,-0.28884109693108406,-0.1408509450314463,-0.4725762717324422,-0.3949173979913843,-0.4678156768970915,-0.38607764177267084,-0.4834267636895566,-0.4630332179452026,-0.43566310186940477,-0.3476654720207043,-0.3902377976475844,-0.3729526202074834,-0.3959801280790159,-0.39981545441717914,-0.36873042770445813,-0.3885581487492485,-0.3634302270222429,-0.3622806509379724,-0.33407225095468457,-0.32912840326952747,-0.41156307437619827,-0.37335984334014405,-0.35745547458606725,-0.39926697826442203,-0.4659076004733155,-0.43462929018184726,-0.3191223774102516,-0.4325812524161421,-0.3845370596182752
70,-0.8106014711868872,-0.8695908588890267,-0.7210717252988804,-0.8784185751750394,-0.8130031229088341,-0.7404698059850057,-0.7339842079897144,-0.6626402930404421,-0.5739570614126552,-0.6202390500157432,-0.5656486083886555,-0.6248414051930303,-0.5397101347859317,-0.5108773302974259,-0.5333822520062732,-0.4012613452318378,-0.46988661671773535,-0.5229585606724956,-0.47525517605991746,-0.6047200024011057,-0.47012357950140327,-0.6138580700595281,-0.55186109110894,-0.598350544156563,-0.5340330272070936,-0.5844018843839363,-0.6418515072536535,-0.5572064176048032,-0.5795777350060095,-0.5027554787927409
71,-0.6200232105259599,-0.8899255886596891,-0.8951023714605768,-0.8747918292619172,-0.5035665591054609,-0.7396524181150961,-0.593935407344558,-0.644160814488346,-0.6128933011313308,-0.6325372346121432,-0.5840179001929326,-0.4983299834600564,-0.4637073572340477,-0.5117724872671159,-0.5261791508450258,-0.4730452594683485,-0.44970868631894445,-0.5181643141827246,-0.522112725411776,-0.5105894613850214,-0.47487589323294727,-0.4648028992865382,-0.5364511283876272,-0.5218103047304669,-0.5438689260086156,-0.528849067832273,-0.5414246216898504,-0.4832353974554244,-0.42355893700531544,-0.43554463817587397
72,1.2183966343000399,1.019852441287754,0.9152534524793325,0.27474463621386963,-0.09625940530039528,-0.23507671244352624,-0.23093222230342092,-0.27947681414432723,-0.26917917110268763,-0.18019940858557926,-0.17500688106937418,-0.17515121633967326,-0.156104216752759,-0.20773729182974593,-0.23670189617538298,-0.2552296703072946,-0.22835805975982912,-0.20810392057313104,-0.22926307972308482,-0.11981047356671487,-0.23370987771501017,-0.2128914098261284,-0.2345558080930998,-0.2302924873442887,-0.21698905565365906,-0.15906378507651875,-0.13838983133506466,-0.20920985686850463,-0.25893860840001864,-0.25368987062695275
73,-1.0341955570041867,-1.2202336277680692,-0.9625925351892353,-0.7411510862334301,-0.3039464661886382,-0.5117683633514066,-0.4515647681440166,-0.4629316298207278,-0.48219389711351923,-0.39485143743602097,-0.44785242835954125,-0.47133289516261745,-0.37935036252176535,-0.36363675419811337,-0.37171055065327974,-0.40821267121183813,-0.41142336202983576,-0.37088431704935215,-0.32499431875455753,-0.40423590551638355,-0.41745799407609474,-0.4041167973585296,-0.40235571873409337,-0.4076537110350179,-0.37309680787333455,-0.42122185535136636,-0.4035893037609254,-0.3482820239143145,-0.387030120795548,-0.3889434626247924
74,-0.5925253285011105,-0.8372444190733449,-0.776664154503775,-0.678779255910016,-0.7368407256806027,-0.7077385792558196,-0.5274803099653842,-0.4960947270185106,-0.4919465265333798,-0.47920937380644285,-0.4407584930438066,-0.5309340654242518,-0.5725576947331248,-0.5434425375071764,-0.4829327114284612,-0.5214272746720648,-0.61902186817217,-0.5161929285619208,-0.5386976799034259,-0.521692330104591,-0.5037156201856036,-0.5606082313351077,-0.5238051265685603,-0.4174516416116767,-0.5828114379678315,-0.49454242804947374,-0.5061487355752035,-0.547574190609528,-0.4816688914149988,-0.5817943123765243
75,0.3621296426911961,-0.06590102832438126,-0.07471650542198853,-0.24849140262721653,-0.05936401707374916,0.011670636437756343,-0.26693667040066305,-0.32824708690672433,-0.2750405417633581,-0.29043232493250243,-0.2732875737353269,-0.2266911575842725,-0.2518958983870675,-0.28107604380179463,-0.2578669823697869,-0.21626256692654358,-0.2419331213727398,-0.23852541380530937,-0.2529234194108915,-0.17670153843826802,-0.2499097279408603,-0.18809867135863714,-0.22973726583917636,-0.2891266849771108,-0.256805429212565,-0.16968422175739153,-0.21084703482288836,-0.16076086691139527,-0.17228128143511548,-0.26276878641402496
76,-0.35233814509534955,-0.043098880688121,-0.21534736177946598,-0.1273937206426375,-0.23243737213020751,-0.22468490310642533,-0.24469165181283162,-0.22411914860965806,-0.24877544900974075,-0.14038314669749558,-0.23590598368852592,-0.22343499766105374,-0.2629975763046025,-0.2839741932125926,-0.18375747008482363,-0.18155069011658842,-0.22061183017172134,-0.18194908655911,-0.19927200329696715,-0.21118562431928162,-0.1483580261916222,-0.09353047721393504,-0.21057539000915781,-0.31407172838119446,-0.21409136482750088,-0.2052552897246655,-0.1837600024828654,-0.23808326830132825,-0.26203830953595036,-0.2101907967459554
77,0.4957259916161382,0.3553146551049103,-0.26486898289782435,-0.4223276225037427,-0.3745182560767342,-0.38036894131468607,-0.2511984064765911,-0.31023379500651344,-0.3219812043637274,-0.2568970341293428,-0.24658308010865942,-0.27907876883397653,-0.22153762172405855,-0.24904758474419106,-0.24291004462275545,-0.25322198883772234,-0.27233282314282037,-0.2928192943722419,-0.28540319954200555,-0.22254115598375818,-0.2354573727828456,-0.19880544635174158,-0.22150958710205848,-0.27097994478847065,-0.21890589925284962,-0.2992645698185834,-0.20523025887211202,-0.24049850649880278,-0.2606246433542947,-0.25505608849219674
78,0.7635027110931643,0.9395280477172707,0.783716662066805,0.39969336578184295,-0.3472749177743685,-0.27589541471407836,-0.28294616898547464,-0.26114973663120494,-0.20626609212342548,-0.06524388239416981,-0.17949460688669389,-0.21085080020538852,-0.12594783810673912,-0.17946533104257112,-0.19615228594910114,-0.09253461393501983,-0.0846387544878684,-0.2034106291716572,-0.21377598706185327,-0.22008311374274567,-0.22753389074925032,-0.20145570296639584,-0.19185539159450454,-0.138970442028493,-0.1723314736072783,-0.15238923691516806,-0.1062268430581169,-0.09890904032129419,-0.14678229623864925,-0.04159496121098956
79,1.0213800271450506,1.0722979897476046,0.8519769541204957,0.7296640985951536,0.14507385993846897,-0.14786091798043638,-0.2967255200557752,-0.2589346983358066,-0.17429911777469176,-0.22176397227019518,-0.17338082551024278,-0.09575303735087938,-0.12470140730849148,-0.21245284138717246,-0.14648130719134375,-0.16317156771355967,-0.2537814567465691,-0.207836386650891,-0.2545879942083268,-0.23877024640714323,-0.2211595060076338,-0.19176198013613205,-0.14097888888319926,-0.18831330255095227,-0.2719382604852279,-0.2428581711358985,-0.16219443678575868,-0.22988892508108438,-0.19935281162536672,-0.2129233005383889
80,1.6017178615948824,0.9866596627713053,0.9043057102113512,0.18488213886263896,-0.13906244627521022,-0.21612773755682513,-0.25619936415002037,-0.19107588357926408,-0.183860885597298,-0.07324991122615075,-0.20513437287567832,-0.15865391975951434,-0.14506164783090345,-0.2016925144888863,-0.1607033759117224,-0.13771286205461392,-0.1523476762017945,-0.23546616213877755,-0.18585338246569183,-0.23066631423632805,-0.15676276418524832,-0.12071991668904794,-0.1326431776729736,-0.09389960025928369,-0.12497418298718806,-0.15942765400131098,-0.22718018289771663,-0.1484578481733268,-0.11550362140083381,-0.21547003572793827
81,-0.9781475520536356,-0.9807024894720264,-0.9059325199106755,-0.7349498113743119,-0.5469166173777334,-0.7753167953571352,-0.5832611342041643,-0.42909263518614416,-0.5200670342489393,-0.5659627837349022,-0.48875618206178123,-0.46938499441186593,-0.5853306588373237,-0.5440138011359562,-0.5470964632868163,-0.42634193982856394,-0.45679943987188626,-0.5030067395672293,-0.5414807893308721,-0.36338522888956976,-0.5402938068728567,-0.5698882110992278,-0.5448213284076344,-0.4419908936971146,-0.46310880769029517,-0.4395929310977647,-0.4645879784725558,-0.42810044947658343,-0.5165269056289195,-0.4593614902935439
82,0.3128562460478016,-0.1357755650512887,-0.46068377330418203,-0.39204958663630884,-0.4102930604297852,-0.47217127994397545,-0.4273426694919504,-0.4104208222183482,-0.41910092397530785,-0.32735646921805045,-0.41792258793651493,-0.3625237823133773,-0.30454988847983144,-0.3148202382585099,-0.31598935645008286,-0.3386662575799681,-0.32486562828023724,-0.3413578916762376,-0.3394723175338537,-0.3218435432885714,-0.38270151816928916,-0.28561623532826397,-0.345882288348734,-0.3597835199285049,-0.38602419586972603,-0.3242383298446673,-0.3689026277103178,-0.3995166553845801,-0.2908693821705361,-0.343967959640609
83,-0.10182927327712243,-0.33293440943820723,-0.30907012795988503,-0.030139886843923325,-0.15190942053612919,-0.29590307781259717,-0.2150937904702363,-0.15893913246187794,-0.23214160059386302,-0.27597531202427356,-0.24329581108757256,-0.15798747628866777,-0.26326492667741735,-0.23290805639472342,-0.23541513656036833,-0.20856849920898857,-0.1880024614666255,-0.24729978587910548,-0.1888885715181647,-0.22306856543681347,-0.23234288458200097,-0.24131632991107813,-0.2499361671129773,-0.1752411932848887,-0.17742493587069083,-0.2685002464508317,-0.18178476214037306,-0.19629079292035903,-0.17510039062689653,-0.1685439080529157
84,-1.3371637780758683,-1.2490312951491405,-1.1487424564306967,-0.9468157381443068,-0.772401500973806,-0.7062256782068903,-0.6508644438737774,-0.647140113200956,-0.6044880773121047,-0.5836359350892993,-0.5912926550242286,-0.5057707082763827,-0.5132905289581904,-0.5034283427147631,-0.48780934818922855,-0.5537659388394928,-0.5054550765400874,-0.5051215189156166,-0.4183003812229154,-0.5607944633276427,-0.5169238439557815,-0.5464765151773704,-0.46310691797533277,-0.5192103682603757,-0.5624472256785624,-0.5317002511448838,-0.4435687778929518,-0.4717101374564507,-0.4630230234711718,-0.5059901975410627
85,-0.4059133895227478,-0.3476036398152666,-0.562765720498217,-0.5356578336137803,-0.19545003201580294,-0.5083902135571085,-0.455723979145765,-0.4117431244929834,-0.44669857953962283,-0.44955859557002104,-0.36371646918643546,-0.4388901854169625,-0.3796413625765132,-0.37660001795182924,-0.3743285758127421,-0.35240018195024714,-0.4758830276979329,-0.4108136406209783,-0.38707678337503765,-0.390629680341018,-0.3676544233060882,-0.37474095544903735,-0.3318316135304249,-0.39224638288754043,-0.36177407510287185,-0.47664294767962584,-0.39028451221581856,-0.4064077529440756,-0.4365530786673681,-0.38245646021202906
86,-1.4785342933419732,-0.8217154563192937,-0.8472834122226981,-0.5260642324132078,-0.28662637780059474,-0.34195362034403654,-0.4288507182263585,-0.4400522669577304,-0.36560925126833815,-0.3410710641754175,-0.37170078749124374,-0.36591752031795055,-0.3831829264364899,-0.3572468471310334,-0.3520952062491208,-0.30338896735093884,-0.3792522251576631,-0.3963508966546529,-0.35556797000461443,-0.4830428928761745,-0.4072448597916628,-0.35007962457039826,-0.23979388345985697,-0.3470680031775788,-0.39887023748859285,-0.37128347160880804,-0.38554271591702594,-0.38518867986577976,-0.38199486739381044,-0.4223084140123228
87,-1.1169500346819696,-1.167616479051429,-1.1564666748756594,-1.0840638533004774,-0.7277525272948767,-0.48664460232487194,-0.47421448768348545,-0.4317586774722294,-0.48770040199513653,-0.4330968576730744,-0.36035016749649534,-0.3856687948235033,-0.3379909647018899,-0.38421813444822395,-0.38660279900570804,-0.35687856810984336,-0.4116023724332658,-0.40432377733947616,-0.3944307330875019,-0.4108860383763825,-0.346688465275375,-0.36722489639804995,-0.40814203283027245,-0.38506489302644925,-0.4124520830676488,-0.3500538554538407,-0.4253593983776921,-0.3324497815341557,-0.3477308294323797,-0.38668773743674156
88,-1.191351908933231,-1.1336117825506626,-1.139806098156946,-0.8873349336943834,-0.9530877124501225,-0.7156766298879828,-0.543290428416513,-0.5302270118376112,-0.5229315737203382,-0.5564816943129066,-0.47467939311719104,-0.44448849214066055,-0.5783955805077855,-0.5599494919588943,-0.49284065785717135,-0.5128071546075379,-0.46547164113298106,-0.47681491282128724,-0.536959596195486,-0.48844763434043714,-0.4189966529234921,-0.46826486450933025,-0.546252919361949,-0.4714417762478599,-0.4510045758088545,-0.5390528857536314,-0.47973411884141837,-0.5040577957857754,-0.4210332078538688,-0.4678811726793384
89,-2.0666140961902206,-1.2368565684485093,-0.8104794061729608,-0.8144236643336195,-0.43933899718773833,-0.37377668811707193,-0.46301620940966576,-0.45112089391141424,-0.44886083507076563,-0.4043364031223174,-0.4754017014085306,-0.41292367337657837,-0.3413054050858821,-0.3518715147167159,-0.396818878284152,-0.38383332623068206,-0.43233489102540035,-0.443773180674431,-0.38651991611162,-0.47091011760647533,-0.4152702090089932,-0.3598533649072061,-0.41389771186128066,-0.43090156166455557,-0.3784004794137011,-0.3358151507262303,-0.37430980408372994,-0.3871670279191214,-0.36911038330898877,-0.3935699294033289
90,-0.6361623905378835,-0.9323153224934191,-1.0518232531716563,-1.0458583202165297,-0.9025888265304731,-0.5173538527882129,-0.5481535155081548,-0.45208498111575757,-0.4508000278820326,-0.4581978073083558,-0.45587429699073356,-0.4830232845282878,-0.40623748952485045,-0.37687651191828825,-0.412396521392609,-0.3909822516278904,-0.4153444295506381,-0.5000792481410911,-0.40143839603621334,-0.45597046868951807,-0.4096392927486592,-0.4073132473430956,-0.3414716760241743,-0.37431018758923895,-0.3871613079650698,-0.41546354029010985,-0.38599725584240835,-0.3988975952630247,-0.38217409289569976,-0.4112029780901018
91,-2.0931867677303995,-1.4281795588878767,-1.042359363722657,-0.8425464916469293,-0.9564437458320636,-0.6707541320424038,-0.5399335850621901,-0.6112444323077187,-0.5914675738518541,-0.557333239903109,-0.6002407866200579,-0.5340968547492466,-0.5270295797271111,-0.5180305720670526,-0.5332567842235,-0.5233846465765319,-0.566478105284457,-0.5052228434746217,-0.53861067286856,-0.5381313396819173,-0.6401818987528559,-0.5531463114465984,-0.5162235361903139,-0.6103350561137173,-0.5824446742113508,-0.45126907368739283,-0.5123922725311142,-0.5229648453073042,-0.48683087462786256,-0.5828267090190972
92,1.1695910273280492,1.1380560186476605,0.8386965893431526,0.9193482946715763,0.8734130377390164,0.24329496343525384,-0.2263425036803421,-0.3179139615863927,-0.28345589303775587,-0.10659286381878541,-0.2732665191157135,-0.3054657998129893,-0.22969029919530018,-0.15484866924000107,0.0950672796003682,-0.13171863150914143,-0.22840827926553786,-0.2268593145028974,-0.1317140037848909,-0.1846024696268866,-0.19279259696406914,-0.14657813901619537,-0.16260594993937097,-0.2830315643854853,-0.29028404730051055,0.012261359337777,-0.2324810162058401,-0.11411610509372117,-0.14386651855267815,-0.1912311989399663
93,-1.3556702563820469,-1.2091680091801835,-0.8811955748783868,-0.6699540293816142,-0.37294817871241026,-0.46333846690378583,-0.45662263715323037,-0.45495481519865333,-0.4356485698246703,-0.44116426609495024,-0.43860000337458604,-0.4069818477931663,-0.38508102870630767,-0.42860044595914176,-0.3729241566679218,-0.35717412132744775,-0.3657069660520478,-0.3718306505292683,-0.45229157763770417,-0.40444350927623446,-0.3843426684780373,-0.3789419020164225,-0.38311816418997036,-0.3839732312749457,-0.3852987742620701,-0.44644568960789105,-0.424660320621603,-0.3391269702160809,-0.3855085720504448,-0.35460736029899614
94,-1.5540263050117487,-0.8752489971443752,-0.8815995808825418,-0.5411671522712519,-0.7627407416395114,-0.5559243838708632,-0.5325378656687073,-0.5371352181924113,-0.49358938422625476,-0.41713326901337977,-0.42412118627739875,-0.38528818264370296,-0.4679511498383748,-0.4261798988542845,-0.38748472293018416,-0.37896341125172883,-0.41320663142629355,-0.4050314816357733,-0.3999136118920304,-0.4267744975443342,-0.4831143048066638,-0.4542184223485789,-0.33495904895044143,-0.4351829564349619,-0.4034971206798777,-0.5568996260905167,-0.42615696917257523,-0.4364530724363319,-0.4594281114616325,-0.4567094590006228
95,1.0023223482862182,0.8510534157490197,0.523790117262796,0.09748411625232913,-0.3443120667971981,-0.23887248518705684,-0.2714587921363514,-0.09011565555789847,-0.21715283393780202,-0.21404179387464403,0.0762083220740823,-0.0778544206969454,-0.23833565655732875,-0.18964772544468875,-0.23884217819715498,-0.23662393986831726,-0.19178950796914843,-0.11920767008615119,-0.18981325820231912,-0.13346130686787472,-0.2933680884349302,-0.13752998229638733,-0.13377156272043944,-0.18807320122282772,-0.1407416925264227,-0.25109154437240316,-0.21104849025408556,-0.00901371615978408,-0.12649748632756877,-0.13501710867094274
96,-1.6244226977473493,-1.045019211263941,-0.9071924041491002,-0.8043793547402164,-0.25649982427816426,-0.5474876339939843,-0.42175850109591245,-0.49695361816558176,-0.46015248851027446,-0.48243682746273236,-0.4674511205241541,-0.5457180465528221,-0.47545666214872995,-0.49634729967321406,-0.4453214221302956,-0.5025534707439294,-0.43616763884975707,-0.4471978448051613,-0.4582312845920357,-0.6073543914756381,-0.5160248652895495,-0.5395472206959565,-0.439149854280182,-0.5353069909456512,-0.4468446391069946,-0.5354227151104817,-0.43092446672733614,-0.5069033010508948,-0.6452669246399108,-0.42205740057300595
97,-0.8470873537196927,-0.7888660025050872,-1.0451184790203607,-0.914596950377139,-0.9390267198693447,-0.6871862754905976,-0.6231988096671612,-0.6394453628002218,-0.6199839885170475,-0.6644797722795216,-0.6461252067512765,-0.6408223157117436,-0.6143835681464492,-0.6144138343378812,-0.5151574351979197,-0.5906191100486234,-0.5277908956545825,-0.6012162273052073,-0.4401174517385511,-0.6201705509315307,-0.6494973617324286,-0.5843286761118012,-0.6841978468737104,-0.6810246702575897,-0.5297529885279073,-0.5569536982984267,-0.5838863885108706,-0.4823259734288688,-0.49162615996270903,-0.435816474090558
98,-1.9626991711615596,-1.2849047559864697,-1.0702042215755743,-0.9843166408865646,-0.9926081002973344,-0.7656509969140884,-0.39681821023633423,-0.46451133516699206,-0.4128000710908675,-0.5129579319176312,-0.5450194970932113,-0.5636692272069801,-0.526007867564653,-0.4945049340513617,-0.4765217762063231,-0.5149636148802407,-0.4804858514077175,-0.5085741050068253,-0.5088618273739282,-0.5152963360100772,-0.5823467691797821,-0.5330519383133433,-0.47783238874067996,-0.47104487984545884,-0.4730892247591171,-0.6345755254303304,-0.7061158837396057,-0.5266718396327951,-0.522402531050249,-0.49230889555045787
99,0.9361799230555441,0.8106353048905608,0.5786548246146064,-0.0693497683186671,-0.13518566707934265,-0.26569886466265263,-0.2752353332172341,-0.22111069004967931,-0.29241718315282483,-0.27351131280762647,-0.17507298149918238,-0.10711222818400608,-0.20084984758364632,-0.1218994471180687,0.06120870842237908,-0.15732515582401074,-0.2263016732716378,-0.19170411699118084,-0.12704450181350246,-0.1319857488248711,-0.12973765041228072,-0.15918020610215944,-0.14458763276553346,-0.15627278383816984,-0.2362704715190702,-0.17003708161805048,-0.1852619521476031,-0.2072521550539063,-0.00408343074741772,-0.2130218753621367
