,x,y,weight,belief,decile
0,590.2307719230239,677.2131024727013,1.009736264710659,1.606153230878776,2
1,340.07497158002803,399.57505272384515,1.0904644456351265,-0.6456334463475795,12
2,405.8851620027827,305.9851968450496,1.1723367505075153,0.9632824168779928,20
3,323.6469438528154,11.27135477239716,1.6266484456297563,-0.7528596493901732,51
4,723.796446747192,161.62012481376453,1.2652970106453911,-1.0487929183398397,32
5,381.33441648261413,31.96323355451499,1.0605936073789095,-1.5719395472639985,8
6,364.10576232985943,592.0182604583101,1.086271614620139,0.7729237565622947,11
7,177.18929842370306,303.750670111869,1.2865287850182412,-1.6486811508473895,33
8,715.602998370048,419.6279699639397,2.0947072704597822,-1.0789768200719356,67
9,533.9155477022247,365.59053101923723,3.8578328638062387,-1.1040774372416453,84
10,408.26418058603815,483.6459374962706,1.1896292800299382,-0.7382764732535456,23
11,380.7045126352723,640.0420483519993,1.1514831726075583,-1.3327916361608356,18
12,335.54412176664425,550.8255062105856,1.2198738801045959,-0.8548360926791954,26
13,397.90234692075614,431.89771533735694,5.659796667032059,-1.1262788472154328,91
14,429.02383155882336,698.5232112746673,1.1098772378038635,-0.792817250488183,14
15,786.3777843973407,131.6849805824996,1.2393505335586683,-0.32388703947285946,29
16,248.80013356349,67.88978443025822,2.223761723399133,-1.0211687436814059,70
17,379.5067522038413,340.9725955831993,1.125959266260593,-0.39085499502521537,16
18,326.49658999133715,260.34444647222927,1.7522705049093215,-1.7886806252281817,56
19,456.8779103260291,297.93355137530983,5.724946878115525,1.3439124942897396,92
20,294.49931494924925,354.5667050688651,2.5781199655055174,-1.0692516491333117,76
21,415.89112669628105,641.191900153715,1.2926740195479172,-1.380259165245645,33
22,566.1915527219829,388.0446549456972,4.4508843788668,-0.601579068389396,87
23,452.5518675485401,739.0496113883571,1.7120101367418454,-1.266945596225319,54
24,519.6193448491582,524.4806664183774,1.2058907912147114,0.7256101249691336,24
25,776.2809376355643,195.9194559412359,1.2113760181908937,-2.0909464855477693,25
26,781.3747006856556,237.4339048997251,2.2945655462525223,0.6838345248897726,71
27,395.707971208965,132.23296074000783,3.364119021403506,0.23959184646990017,83
28,811.9467095339114,251.79280601608934,1.2779478319568414,-1.976237328901347,32
29,627.8107226596476,417.00259155324585,1.6669997642322463,1.9460107140819756,53
30,51.76539015706882,65.55818810034711,2.226993346576522,1.1323338159754384,70
31,56.880893930307266,25.43470496419643,3.712489644453667,-1.0873168091326628,84
32,635.1356893938464,328.0920405776296,2.9997808186515003,1.5014744244172067,80
33,151.22842794314755,48.550543540379834,1.1235499627807888,-1.2001295008178703,15
34,462.0540935020873,665.906223052619,4.682824915756856,-0.706933253134221,88
35,589.3478537458959,561.6921258963769,1.5752401244073877,-0.09323233169796374,50
36,197.95802833168574,276.9366680988821,1.2302084948615761,1.5667786169541733,27
37,867.6214618658142,220.7100043250616,2.9390030152091953,-1.1861262701581785,79
38,300.78771772496464,88.79200454664708,1.7279425088578526,-0.04106966508798282,55
39,322.8749203845351,414.0047991657962,1.1864811951012375,-0.21917128832297983,22
40,442.7883740527159,58.37368093209724,2.473150597419525,-1.3156473309188277,75
41,887.9184502390336,7.610542786040991,1.2917365293855667,-0.40963578372212306,33
42,467.36299854349534,238.02387032199397,1.1438615165491872,-0.8127372823998047,18
43,435.8628558159239,693.9440953030276,1.5851517224449816,1.5638056570342604,50
44,193.78048449779507,15.597292379371481,53.26455280916931,-0.8428058216889005,100
45,679.3352133136218,266.8405937868573,1.214035692980711,-0.7602654425470907,25
46,595.7787661034436,525.7163481734249,4.4573122100876255,-0.8459523875696728,87
47,515.5793426481445,364.86720004626056,1.5836102123206977,-1.3019469572019875,50
48,542.6591602543627,630.7395101580345,1.0618740070432913,-0.15538267543930495,8
49,453.58707179313956,363.0061567085908,2.4208227671543323,-1.4089009229720486,73
50,444.36296984789374,677.2913162185888,1.4048007732116257,-1.6036812871501973,42
51,356.2678174116275,269.0891565837723,1.116893962100187,-0.3572209652099164,14
52,259.0581961595666,346.68760681061923,1.1369398271751618,-1.2622307719566153,17
53,476.8210008650803,694.0872955953264,1.5611859344601495,-1.0016054891449537,49
54,636.3321558872813,176.15003526167519,1.105530680268773,0.9506846328600183,13
55,646.2543483710145,581.2578866229508,2.9548860652328846,-0.7623044306104716,80
56,344.7671606294082,142.82111977963402,2.4623160416887253,-0.8671772804001429,74
57,387.3859711157736,380.30539562399645,1.8276355732738185,-1.291731612711913,59
58,373.79135393714336,635.607577646058,1.289288537015886,-1.6785562195466284,33
59,555.0456479421055,461.9589683410771,1.25578633800705,-1.0557410316944338,30
60,320.03836419925483,112.0662778086349,2.2103883510936195,-0.02277253583440797,70
61,377.12410825803886,94.76594475837952,1.1238751912003957,-0.9815638061589805,15
62,394.8050625305533,108.12985538937586,2.3099488373203942,-1.0695276801228641,71
63,298.84439827141483,60.56441110793751,1.1139529259417014,0.679179033102394,14
64,514.794520701877,501.56987942122777,1.4925701060178662,1.090545491846274,47
65,479.7606908391756,664.1457853667424,9.883076632413708,-1.2176377044117652,97
66,642.4924105478702,126.47816907092387,3.112002017479935,0.9225388145034774,81
67,741.1455635329343,362.71596658770864,2.0329358759208342,0.99406301938358,65
68,233.05227594382808,115.57001750134098,1.206125128304836,-0.44224257695571656,24
69,507.2088721940767,499.0468472104801,6.72475855573052,-0.17166212063937103,94
70,424.7653604750859,592.5000942377154,1.0800813876251583,-0.9685436705205479,11
71,581.7934248369003,303.56010927020367,1.3317287104163313,-0.59056734397149,36
72,567.2597544776963,209.77190292871214,1.8689768153183228,0.20791685611012523,61
73,361.10438130323706,547.6867119330159,1.0341512230444603,-0.03942759975596044,5
74,635.1780017322227,300.05750449765816,2.6796228120551477,-1.7967304331715217,77
75,63.85678517912841,99.19130831433023,1.2476915243431306,0.3727206573087172,29
76,522.1534622973229,636.7583201332659,1.0320204468627985,1.9667599864074405,5
77,622.5730867447112,421.3255622188024,1.715857803789071,-0.8321488808112456,54
78,448.77107305314087,678.7370744594276,2.1626986269702466,-0.9402953662473583,69
79,182.08121346098304,18.789791641393396,1.0790664597668918,-1.3232409655998798,11
80,389.53216985951775,520.5117780711067,1.6095978474232817,0.730630593429195,51
81,683.6405046573489,298.98283830026304,1.3021539173632555,-0.9857976300024486,34
82,312.630588363561,399.4008326982495,3.805964349782347,-0.7612310043502932,84
83,614.5325767917475,373.4670929675122,1.0268955970763156,0.41930353275595766,5
84,247.47492413066897,354.18605918411043,1.1841867562422435,0.8113994828456018,22
85,160.82818028504187,220.7922100461099,2.516272394856946,-0.4647027265163781,75
86,610.0482988893335,601.017739510302,1.4001411053744417,-0.5361294027623067,41
87,561.6647680035449,203.10348104978328,2.0761039629616267,-1.3346144741984998,67
88,594.3788813586943,679.8026455326916,4.298561831793578,-0.47173080407621726,86
89,446.6555373068526,444.80760403114317,5.1883873993059995,1.5653123664751818,90
90,822.3232759945563,31.409159996821455,2.869175472490216,1.2040818671125078,79
91,255.87330463717817,94.33505130173451,1.3483610391286625,0.6948569939766361,37
92,488.83242042912116,734.4412550148559,1.1591704314405815,0.5796604621539366,19
93,453.0453020151848,631.386666323428,3.1897612918321117,-1.0630823165837437,82
94,202.35327884998705,133.21205585451864,4.324597854801744,-1.2473800484140998,86
95,312.8164721131077,496.3922582634442,1.4335595990613832,1.244448770497216,44
96,592.0189423462239,593.4436501967598,2.5730065967279527,1.1827837033123256,76
97,642.2262100080646,314.2507576255246,4.9899467582105705,-1.047493742921914,89
98,662.976122759239,505.2127007022175,1.1348164818160393,0.22005608532745424,17
99,710.1390163210483,491.41569206175507,1.0926211838010707,0.5798340521550418,12
100,48.41476867145855,23.90738796727582,1.155560462916346,0.8945640813217235,18
101,819.2742214888927,156.8340243086555,1.2053066301873412,-0.8328326470629569,24
102,738.5909953138295,43.92167928918037,2.1383220574555906,-1.0359250650776806,68
103,480.5195028876766,397.89498573805895,2.0515550444721073,-1.0429095771895827,66
104,519.1475765516126,421.87192859821965,7.06893271517407,-1.2995677417714724,94
105,409.93757103429743,446.09082395882496,1.9100143749816065,1.393351218193923,63
106,470.1878043023816,101.87306826149663,1.9479010112742638,-0.49937684482455436,64
107,272.07486132699705,392.952613161534,1.6687862758765057,-0.12109292364171487,53
108,231.57943565278038,347.5931884647451,4.359562199121971,-1.0544024361204687,86
109,652.2252677080031,79.41592023978501,2.1526496534931847,-1.7584211133689995,69
110,454.84936447300004,412.32789315028174,1.1321250673389907,-1.0945417876287105,16
111,638.0144122497265,230.35911188842124,1.0691722637998586,0.8738834779265255,9
112,633.2572179222507,423.62038938584107,3.4892771929438635,-0.9030600739837742,83
113,794.6470992551716,82.28620947212733,1.7912859629188351,-0.43340221872990337,57
114,454.0650419159499,532.2394965715109,1.6511449073668811,0.6783434991898585,52
115,334.9945343008526,409.67223637150056,1.94211887362557,1.3516961946323254,63
116,490.2472447414066,469.2589249234536,1.1412014463060225,1.0784010814252818,17
117,699.0988839786573,24.494969317767495,1.973390893459155,-1.0781647186571999,64
118,161.70581039921066,208.5462568781443,2.4461551438618896,-0.1567623334320607,74
119,524.5108170087308,132.35178504714966,1.15478887604366,-1.2836604533787868,18
120,806.8858883166861,121.12178721063208,1.1511791459221454,0.683285707321081,18
121,208.51410557482663,330.9704010277009,1.017136198605825,0.8014689967483325,3
122,489.00332792444334,267.8627234577911,1.3006799809851353,-1.1821516752893495,34
123,917.9991922165239,49.56332097430834,1.3702061961991219,-1.0435204505460731,39
124,649.2390614871072,458.90957712981793,5.557085791227193,1.1074335751287212,91
125,425.03116548694504,635.7964769960403,1.5463817521041736,1.2694798823755389,49
126,268.4143116584506,56.22146037670454,1.1731144249582792,-0.466661692466092,20
127,791.6824428160738,133.66164299631174,4.644714833073774,-1.5220555626142647,88
128,84.92534219466685,71.98230953401556,5.026458004910666,-0.6159114733347056,89
129,494.88227503674705,448.4648193503144,1.1070382044067335,-1.294664611105507,14
130,515.5743667492378,93.0030741410121,6.820489430494319,1.2669476583000367,94
131,181.03659564635848,281.3342804142401,30.96280516199179,-1.2897723427291672,99
132,550.1291196998877,631.6814899243338,1.2477517301629593,-1.364612289996029,30
133,436.9404731810623,517.2283650704893,17.437163988680805,0.37552229835666506,99
134,827.3767971640941,80.76510788086122,1.2275231183991753,-0.9019503835599132,27
135,333.30168806632327,218.90213477576538,2.2941413193142597,-1.210666320278314,71
136,420.45348946657845,215.34441425349803,1.066237764080704,-0.3615567493920684,9
137,219.46673833826475,172.93610581536095,2.2530218906527875,0.058144635812595435,71
138,321.10789550334624,62.327496065459975,1.4035763473156324,-1.847833401201199,41
139,531.3229991632128,142.11196557776006,3.0973227146381386,-1.2296849736867959,81
140,849.7331714098588,39.71371978242347,1.1557972693011378,-0.19308951149742037,19
141,291.56568868049004,234.37077458367523,8.84782761476032,0.8297376191841332,96
142,433.86905634447515,206.84168027098642,1.7580092873992816,0.87480809325194,56
143,686.3962435150224,67.47262813547633,1.2260058271340222,1.1712379692634842,27
144,129.37662928471417,16.58608511332287,1.379755952916503,1.5547481251526378,39
145,492.87464720119834,314.12664630737385,1.3387458356618431,-1.0857791939392254,36
146,340.15162006148296,386.55170340335087,1.0947060790060679,-0.8423396943345981,12
147,574.9165705011216,36.127890985825225,1.833810788406401,-1.5873452591523485,59
148,464.62966130558743,712.1227605416185,2.131627087085554,0.921982113073677,68
149,721.2938764079124,54.84998438359337,26.67173172286659,-1.4067604302143608,99
150,386.4761966729903,577.6001084087446,4.035451741524933,2.6019528772980784,85
151,773.6094414449872,83.53007162105084,1.5983155331260916,-0.46846263240231945,51
152,322.6232882651288,312.8450473044906,5.030824793547907,-1.0598051969439815,89
153,741.4144182038415,221.7656826203976,1.070450812602457,-0.01724405124100814,10
154,143.49074156458215,168.02572438165606,1.0262373236677576,-1.149328905270045,4
155,709.7273628424865,220.26476041502173,1.60803518262519,-1.3536710629978084,51
156,536.299481594724,579.0266805171879,1.5292541454788406,1.1059200512546408,48
157,546.798220444748,734.6112200959167,1.6609095013942785,-0.651622377605068,52
158,585.6180737977554,294.7717077826903,1.4854943840510273,-0.770045857385925,46
159,395.30854269466795,250.51019715022306,1.285358664632597,-0.7650276466520924,33
160,353.2700030609587,23.648060437427038,1.1886914327364,-1.5517490750503422,22
161,946.9440858645399,63.61181889776339,2.145669274431942,-1.0799929054719446,69
162,68.53107665263957,50.35801914783256,4.712130248201824,-1.7095045706650724,88
163,403.78945117191574,164.09327286041903,1.0739297320233916,-0.8621928434473938,10
164,817.3014395181664,110.7404493836357,2.957880982742921,-0.6552910598349269,80
165,493.6800881071809,711.0728885704751,8.844239634012848,-1.430204328376841,95
166,532.0802428985148,341.7603796350677,42.20299526767316,1.7978466354505174,100
167,495.75581863668145,803.2776056569764,1.7993675837558762,1.3547348154768901,58
168,492.7489235897906,53.52568169751608,1.2269232924106692,-0.9107089826389387,27
169,571.7934863525384,407.2808070295123,1.240168907837163,-0.895250756406835,29
170,146.70002881688976,95.69980721815783,1.7923909741666681,-0.7198717625009681,58
171,964.5188931595094,10.398597851650665,1.4498063322113501,1.608758662215478,44
172,716.6481506235539,356.48090889748295,5.498661697702122,0.17619278741677802,91
173,333.2597443691661,160.9537761080685,45.605539843401665,1.4352825545103416,100
174,520.2116066077483,21.13721084299971,3.4945938259517177,-0.3902292223062499,83
175,499.994240950666,679.3957354735745,2.4836897841177175,1.9450925426594066,75
176,542.9290584115201,707.2867865438478,1.4601215874860791,1.0636215449104345,45
177,598.3788168337217,503.79260312443444,8.971141501187788,-1.0642638912447842,96
178,870.7864723157937,198.77723164611416,2.121876926422968,-1.0730576674303023,68
179,561.6856526120799,44.93983860816356,2.5209476018086767,-1.0725179668760636,75
180,503.1032270987029,586.589757991939,1.9071928356347012,0.38065460698951203,62
181,682.4320800114604,508.065744906032,12.16344525990898,-0.26683262808240804,97
182,457.6199605936805,329.3745003175077,1.0744714766120396,-1.2635971544764593,10
183,495.91885289113475,91.48186995698703,2.4663302670274003,-1.9998602175185622,74
184,391.9094840014954,661.3494994166194,2.1585062653910203,-0.91188588567166,69
185,508.4643453721095,533.2940199626908,1.3458888615314588,-1.6156226525369985,37
186,417.609533253753,652.1303659395112,1.24636323006464,1.6927027320737018,29
187,654.9897086144264,146.57677614316,1.043471233556395,-1.6829006527529593,6
188,707.6379696472229,448.88398319345646,1.748461402214875,-0.6547740485982414,55
189,563.3733619217892,725.6109006801244,1.5622606448599567,0.7837071632876887,49
190,636.8440682501882,612.1025104875812,1.1286972033930947,-1.1978768086768694,16
191,774.8470375082547,259.3048081725237,2.0804563727039174,-0.47903034698176694,67
192,740.6435352602458,220.0961227586957,1.0851349562897128,-0.306046368464467,11
193,354.3558350328517,284.07594222797115,4.42216364538232,-0.915188209785263,86
194,319.4761670807275,535.2915530010547,1.089778695791296,-0.7430189314996247,12
195,289.43252900163264,417.8488339855439,2.7863248567974543,-0.8031353689778885,79
196,701.4782292388537,244.14728194613255,3.95202252581387,1.0193700290519145,85
197,678.756908136765,376.6288093825871,2.6184337435276355,0.11723003437802926,76
198,689.612730340094,472.89904388026963,3.047075966704161,-1.1430452785759146,81
199,151.7101467847201,161.70869945786572,1.0389457263377953,-1.4266415779096393,6
200,583.3262137851345,178.98105941229556,3.2985475244220734,-0.7256432153515087,82
201,675.9850788258232,477.218728318287,1.3907061772451508,-1.2110617335964649,40
202,858.2546370377645,217.66632840305002,1.425121160480378,-1.2350343027365416,43
203,374.46669780372275,1.8122195803777459,1.179570976608222,-0.5913708299194214,21
204,626.886479064527,457.8570175348853,2.201506681897324,1.0471532920324704,69
205,641.2841498283059,396.88591555758416,1.4142268696839944,-1.0919465807596571,42
206,276.21632667999046,145.34019737929538,1.407575607265504,0.7351058676857126,42
207,655.6499373939082,555.8557143675904,6.052205920376659,-1.1599860995397888,92
208,901.8783052630044,33.28424075381637,6.289309225732061,-1.396152707500719,93
209,639.8549147907693,255.62095493108865,2.092216516208219,-0.6468390782025223,67
210,544.4358309952823,536.6682743945182,1.2567834338681922,-0.9274027099231519,31
211,506.9408604311253,254.31540436397808,1.2933443355662047,-0.19864212950395066,33
212,522.3074288450649,605.9139993765848,1.5421811476321876,-1.2984968752769737,48
213,336.4793588284345,109.19354069374789,5.353180077833622,1.5378544855231797,90
214,237.15835672951985,133.81658998171716,2.447701594653732,-1.2693934635461002,74
215,542.296318071852,117.92637490827065,1.348229774133844,-0.6041073773356405,37
216,846.4104351908325,43.080160556222225,1.7514367142256293,-1.2832734375618882,55
217,618.3005234879381,202.01953346857096,1.0186272522315991,-0.7671398083270822,4
218,662.6885030103202,310.8189903119884,1.8464632516353838,-1.0412018665673326,60
219,524.6499353945131,208.28247853868658,1.0165095928244434,-0.09635512995459994,3
220,446.45081000987693,709.0207419503179,5.220519642008865,-1.1679586894439173,90
221,516.6232152183197,714.6443308218403,27.28196699143303,0.8872845457549059,99
222,458.28927719841226,437.3405810064982,1.4053234584566152,-0.6513187182186482,42
223,616.166013053024,461.50554105013896,1.0512646063880542,-0.12957681453595726,7
224,568.1558898088376,658.898718025338,1.22075712445803,0.46630030044837356,26
225,550.7321907570636,520.2335303962949,2.0082605401953812,0.4568190534830603,65
226,489.875771618733,61.882744041244216,6.907091233024271,0.7971642616273626,94
227,702.9093376768171,446.21802636568464,5.576566941988339,0.7064035204784127,91
228,143.26862520470547,161.45516261057963,2.32649365411866,-0.5989555436849978,72
229,349.64982681774353,517.1535530683967,1.1130550850952081,-1.1789373334295012,14
230,236.42763490159584,107.58465276120509,1.7698668807603675,-0.1335020129529506,57
231,282.5473327317918,193.48166062802034,1.9975649243358757,-0.930990678834203,65
232,813.8514591837593,262.5265983678895,1.8443882895983934,-0.4848820357415511,60
233,769.1541304117442,78.03711209124609,1.9182084719296641,-0.9626508262024477,63
234,537.2960245234366,309.9860412938659,1.5645895476445597,-1.0901877390748378,49
235,210.0461068533156,216.33351449836547,1.8634114127508659,-0.5825374531591528,60
236,509.03323147365444,13.162541518469581,1.118928392202792,1.4208052042197905,15
237,549.9986784513433,522.2947269618851,1.033230504866984,-1.4720930468590478,5
238,558.4772658195577,491.29894100904744,1.4846707543179747,-0.5171081583718168,46
239,49.85494384558703,0.502119245852375,1.5901727345167185,-1.2512536863575314,50
240,863.0954872282589,162.92569491124036,1.7598091236694362,1.275731966929944,56
241,206.94045821358748,280.73316473947824,1.2701534156199101,-0.884370222655901,32
242,552.4734251694285,624.8201322880254,3.950610551716177,-0.9179319027891909,85
243,719.9771751348842,259.9194108823593,1.5445085736962914,-1.1046848887334881,48
244,584.2324915923862,574.2268062731132,1.1035891771135025,-0.8071665989335857,13
245,800.1623629901097,210.42874705056568,1.26051500287121,-0.926257275049117,31
246,402.38401080060845,83.7791430894541,3.591537443992184,-1.732976082147447,83
247,548.5801524033362,596.5441324095872,1.216669983867345,0.26808965652425876,25
248,854.1901129180092,153.2551523749067,1.7643585577324035,-1.429511192948902,56
249,619.2620726986969,125.0907487100822,1.2346707705883575,-1.6002165677448281,28
250,660.0849979680725,98.51215901240931,2.4306545965178263,-0.7050919085367139,74
251,405.8009752532621,677.225222329272,2.2231186626422614,0.004654604203992552,70
252,491.6398291550897,697.7047405615781,1.7702547706256264,-1.3898598051540816,57
253,517.1287760931663,455.9353424534019,1.4558768936898983,-0.1842431986120614,44
254,329.98790455845847,439.69580849214685,2.779807243036592,1.101581139334762,78
255,443.0748520869058,443.936493333709,2.733285530138565,-1.3936624243478137,77
256,202.5815323594306,57.23449716146619,1.2964960528539362,1.3048280629988152,34
257,920.9812702865702,111.47381634151652,1.2066161942877762,-1.657447962101743,24
258,734.5874619546643,412.7830899139949,2.0696742066349376,-0.06192614370570604,66
259,682.1936508247173,121.84566620071723,1.8852233486458176,-1.790712490201794,61
260,835.7481838939783,278.3793912181661,1.0370740828866738,0.7063321834362348,6
261,389.6357992388354,478.9657096046508,2.3131184089012296,-1.1753088842201012,72
262,540.0100135698895,507.4354077150305,2.12158603389781,0.07802422416785548,68
263,401.1786474347198,622.6301202334271,1.4716987794920662,0.5632464334943821,45
264,515.3580332864965,281.83892323667754,2.2958803005450337,0.03049710745434564,71
265,779.1681982297087,268.51727489485506,1.3853348899196547,-1.414392133553275,40
266,254.21711855829005,395.32370411890827,1.48850485372755,-0.16433238500200253,46
267,456.23418557729156,138.78062822977023,1.0148117580952625,-0.934948538190897,3
268,391.073699831372,635.0602200208435,1.3629419092795447,1.1905894033676372,38
269,678.5967644302143,257.6583276550028,2.7818721961673663,-2.0661047960491006,79
270,631.5865776006617,570.0397042680265,1.0946874209736133,0.793716587662068,12
271,117.70657610458491,152.00029578794806,6.284849309215521,-1.2793936821064593,93
272,326.95875799793004,305.88689345885774,1.8630584872800982,-1.742387227643425,60
273,581.0836365602013,328.6246606454825,33.915066080843815,1.3575657070042237,100
274,870.4564837753563,89.56907884555527,1.907976950451969,1.7749734464678828,62
275,550.7219941069193,620.0047380506098,1.0143269372157264,-1.3566602951685405,3
276,442.18466668442346,60.59977474452337,4.819533019024168,1.0433189484498258,89
277,592.5611109306303,83.7185959304609,1.1369188704716824,-0.16435117945283917,17
278,497.6009377703875,41.477559168261266,1.910590799716307,-0.4927448378273078,63
279,893.0410230993958,144.0266221189273,6.046761604648027,1.5031312261858996,92
280,786.5624619254165,267.88941058409154,1.2014358216132746,0.34222681963781965,24
281,669.7421506515045,149.19997416799896,1.944188214282745,-0.27815952729714166,64
282,651.188257536058,13.305467866189666,9.053308396276119,-0.9753183772569471,96
283,305.59930502676605,36.638462185335975,1.014392787917741,-0.8457733088328863,3
284,463.059911565226,237.81052740924864,3.5944653214727196,-1.3005966905821125,84
285,754.311469836208,408.12355230176905,1.4209706647421396,-1.2953135460860643,43
286,500.2453159151692,675.5224954477276,3.347406209580259,-0.7924534858893773,82
287,608.4905325371809,616.1367013049381,2.066644387955279,-0.845734809213456,66
288,310.2038300981201,165.63706170541607,14.53710466758398,0.5573635735378688,98
289,460.71376426501115,7.671163252346258,1.632392196460442,-0.6516452504868246,52
290,600.202281808116,688.9344001831398,1.222891619789816,-1.5389819889607845,26
291,249.7392979469688,341.89328286456345,2.112363542923414,-0.6418343493804461,68
292,245.60469398633785,303.6455815149811,1.3566490322474183,1.0887986929714004,38
293,930.5459920218968,45.69698028120474,1.0089812902136568,-0.7164413929105635,2
294,491.42658733342984,136.4650143664166,1.3537938718306861,-0.519427044318448,38
295,366.58255713698156,413.96371608430223,1.8653879910042683,2.2609789848576054,61
296,632.5647807603445,68.45405023382055,5.04958263968343,-0.38817550642235665,89
297,793.6846453839066,228.4194918571536,2.438837193559886,1.2484060394340457,74
298,96.27783057787454,155.03133000138183,1.5640219072740758,2.013001182667963,49
299,577.0255416649177,547.6367812948203,20.88968429201948,-0.2619171907539768,99
300,311.0899164269547,419.99563715533026,1.8741712418267957,-1.8033418030793462,61
301,367.935627123988,97.89643826899328,1.2510344452770934,-1.3524348114663278,30
302,446.67172230712885,712.3121999894231,1.4177491180161628,-1.3087470957707592,43
303,463.27425201644303,390.577528697992,2.774609693958553,-0.9130637877057078,78
304,644.8791215330508,431.9633076592062,1.047594939942419,1.2321294475694196,7
305,528.751265815317,80.38385058115195,1.104125696734391,-1.4148441946257795,13
306,804.7721213223617,0.4691423365125962,1.0280150921373155,-1.2115100258360003,5
307,787.737822960873,204.2799694709525,2.39626190390571,-2.187007756102444,73
308,804.1098386072229,218.6183431654039,2.7427759715182956,-1.9168250197828893,78
309,526.1331390714374,229.72618805549004,5.898948741211829,-1.427928693063583,92
310,571.097542847366,91.1291774241419,1.0427262514064373,0.2896867299834204,6
311,323.57157856631704,362.99555997388325,1.0202114738133998,1.6000062117518299,4
312,98.36960457074484,167.6813703444785,1.8128152172825518,1.366729346844937,58
313,503.8258066895384,297.73163762115604,1.2534160448342184,0.4817679958358615,30
314,541.380417677886,10.765387922751534,1.2861362407425267,-1.1088943783982244,33
315,381.502461365046,0.7684427806220335,1.1263956684159724,-1.5044281997066253,16
316,644.1595970542214,219.27514598331453,1.532800541593789,-0.95043976125758,48
317,505.5673304647581,55.77258809822614,1.2145017211788507,1.4561291247106256,25
318,881.9906887735983,19.104475500891283,1.337140047772991,0.9470971624567276,36
319,359.551351969684,514.2403167088733,1.238610841000374,-0.25337248330407147,29
320,683.5575953005025,413.062768622135,1.4064750510183672,-0.7168274597014799,42
321,320.0378579242299,65.9497534842668,1.6830899646774555,-0.6391309885111496,53
322,198.40364259148726,143.43312217720032,3.3945951966691523,1.394590950971513,83
323,491.00070351623407,378.4381522103206,3.3041330862488896,-1.8731637466771733,82
324,376.48398849988945,517.5355828637533,2.769832703590314,-1.0273606251036382,78
325,122.6621544045991,162.34179215749592,4.147505999997684,1.4322195706884902,86
326,494.64322145898547,24.48907774462905,1.158616931901125,0.08207659674994261,19
327,592.5550052649962,370.97747832713554,1.000046698609847,-1.5132163093066509,1
328,925.7614574908162,43.53528750031359,1.9193436234508223,-1.1549004523938753,63
329,447.36279629552075,288.220300768524,1.7671243732213715,-1.0932997596154297,57
330,458.4439578923526,21.53994883277969,1.004836325563162,0.9401523611378358,1
331,333.3134278078548,140.1483819487807,3.195251441303536,-1.1422253701037082,82
332,590.6270256025841,588.2603228525669,1.438283818213709,-0.5584892694060215,44
333,214.2185894248136,90.25757386735711,12.39445823219969,1.2814637910969287,98
334,692.1585200086411,42.053232334161656,1.5371720447671833,-1.594245448708291,48
335,878.146858263991,54.58087933638115,1.2081029562389798,-1.0026852960535797,25
336,401.6223652905746,693.1674644367458,1.203800737709026,-2.0786417190069995,24
337,632.4708619864211,260.30464571479655,1.5984663360586715,-1.5055701012018718,51
338,721.4132556807778,11.461632363621854,1.7521958405176024,1.2533585763540729,55
339,849.7924816618859,52.196193729711474,1.079984794760528,-0.9904562295605965,11
340,502.02686031771987,359.94510019878334,1.102864498969147,-0.5638291459229239,13
341,102.30203110255616,48.920449476478495,2.4272413923200653,-1.2596049744824358,73
342,160.80546900262175,202.10683924374857,2.663589401748928,0.41940556491320713,77
343,435.18491771212337,330.12514854856016,2.542965584491223,1.6285021151287022,76
344,318.67573728244025,239.7805648456587,1.5757397182683348,-1.4809361276202426,50
345,434.2951027316385,140.90915248070263,1.5982899252597345,-1.388481528356066,51
346,634.5544188265792,455.357353932634,1.851883970338444,-1.5394342845080082,60
347,353.90365405549255,533.1195222532727,1.6607488636136063,1.0097989719702762,52
348,500.1851738765547,188.52956715264617,1.2936301794317702,0.7176902125423574,33
349,216.35183360207915,265.52699863742805,1.3747521316143327,1.3849503767611406,39
350,235.37267150859412,179.85430037092902,13.576195702137625,-1.718744848149906,98
351,575.784721914614,397.91908313302673,1.3965972494429375,-1.0969960842156707,40
352,588.2037001863317,686.8680079734919,1.2223910863274736,-1.2846627339463867,26
353,698.7817014371325,9.978334994644303,1.0089772520234708,1.2261223682062001,2
354,336.6197315614686,308.6384274880131,4.441787933085937,-0.116224853628481,87
355,537.1780678302284,54.6295844343094,1.3323509691402688,-1.6258340947670558,36
356,431.41350940230416,207.67588014161277,1.284371218908482,0.8574300194196651,32
357,674.6948757217176,320.5455593905942,2.4197203483815564,-0.7598628155532073,73
358,752.7349460064733,51.08359929251107,1.348902223934397,-0.8160213605366939,37
359,383.1710285783868,585.4943821997119,1.1603879497898733,1.124828805448241,19
360,327.36580089920943,554.0069822387366,2.164655855449118,0.35541743788438884,69
361,664.629070248289,197.69699978678753,2.253735293966444,0.9703690536290395,71
362,659.2901792158856,296.14710895619766,2.0154744012012937,1.188561674382748,65
363,367.50782227751824,462.84005203286864,1.235206866835742,-1.2200585064214362,28
364,801.3643817503512,254.60479463739955,5.256317442636272,0.8932050525187689,90
365,523.6215487509493,106.39946826941592,1.1860325531828513,-1.2209221040040976,22
366,422.42156144810116,379.1971456242675,1.5036933239715538,-1.3859409832248437,47
367,433.48821110926326,263.1272421119197,1.194611899340653,-0.2999592957473358,23
368,882.9186083842974,60.14366184139007,6.059502948214428,-1.1805241627788639,93
369,530.781036439962,7.583861369656744,5.299876423086848,-1.3036594951427278,90
370,418.2065819648561,506.11516038778325,1.183486411402437,1.3487152741053219,22
371,584.2548859492892,428.69400527167693,1.1920214597422036,-1.3730348984004441,23
372,698.5554451868736,128.25691245916744,1.8410764346828878,-1.842738184489793,59
373,435.1142976666105,566.8061138499596,1.0630269238346255,-1.5538643186913106,8
374,278.04955717288726,339.75176044102534,1.043870083646144,-1.1760676259230014,6
375,393.5336031087336,293.71876019713466,2.1232122470424355,-0.9604606342589581,68
376,485.7338589906091,223.13756222937585,2.1881937967604532,-0.8476861613700815,69
377,519.4320374806459,628.2632818451061,1.417450732634019,-0.7745157166756619,43
378,543.2949489518439,187.85515511574317,1.071698907469038,-1.4045932703953807,10
379,476.8180006930256,286.2023536677874,1.3721130799096843,-0.6822747537804879,39
380,769.2034875711763,21.95374194770755,23.93954562612926,-1.7518833798723317,99
381,351.45850185232484,281.20285371519276,1.026163910426884,1.0976462840449626,4
382,396.82542593354475,513.8869290670297,2.069977425816253,0.7812867865029,66
383,594.7612742942878,448.11254523367467,3.08940996646435,-0.514801476046771,81
384,472.0496153167247,55.52634133668326,5.72970585250299,-1.202238744471429,92
385,398.66475092708384,635.6916684653066,1.044047639600518,-1.3398482818633162,6
386,438.6662941371046,106.62225170335121,4.227179815925866,-1.072114012815926,86
387,24.252305430150003,19.52396138153431,2.2061655557886755,-0.4959893037551544,70
388,509.581390184354,48.79438717403391,1.0185554847086906,1.3967260641938384,4
389,470.76109519585384,408.7430718873951,1.7817291554003092,0.5377249967878163,57
390,281.55758860105516,164.9811718877022,1.3976481427384315,-1.4711092239356975,41
391,626.6556307123637,164.06935626741995,1.0460418792766126,-1.9014438461884258,7
392,348.13066506593515,410.63178076127696,2.772333572519625,-1.679607466259562,78
393,642.1099631127288,507.6688222730816,1.7913895915187699,-0.6044604098429185,58
394,683.1060812864149,127.51722599551415,1.1242797742031967,-1.3855178093700249,16
395,150.86161764294621,184.06871048276255,1.1550187723391334,-1.6087693535361742,18
396,744.8983633580458,43.51661823679297,1.3285391812392333,1.2181741721148192,35
397,522.3575265022865,93.09629662814763,1.3857294295373435,2.0050770754808775,40
398,275.5267856932944,28.051628798630208,1.2608723610266221,-0.7304096261926205,31
399,422.4140887414296,358.7614482395452,1.0056185936623676,1.0978367825402595,1
400,372.34130502620576,30.87582924000893,2.3712340267778704,-1.9856552658071636,73
401,543.4347514905184,34.622231533554185,1.4771558136695009,-1.0546510087704615,46
402,84.47375875899992,129.59586116148938,1.173909510787187,1.798282882835474,21
403,835.4111378616612,83.09344148819788,1.1225962851512072,-1.3361208647646365,15
404,448.9009745168126,0.8584252941473385,7.439510769773565,-1.5295474262782331,94
405,476.3240895635185,322.01032874200035,1.3668344875268048,-1.3388132460062456,38
406,354.15395434651805,304.5605519551228,1.6847308436826982,-1.8144508357581746,53
407,554.2787093878578,282.8809779819169,2.4887252026518683,-0.6402476406883941,75
408,487.7324589148135,362.3342666101234,7.854169710294454,-0.45517848972250574,95
409,608.1931257083229,275.8672102873599,52.648019910082255,-1.7534660670853341,100
410,367.78122929058156,300.4668512242821,4.131580257495259,-1.1003385815395983,85
411,211.3114025883467,295.12150990466756,1.5033656908417092,-1.1419306219653649,47
412,109.03506386796735,3.065878609290199,27.862129227716576,-1.5884601143410881,99
413,827.9076317414638,238.86017454909015,1.3852125185896573,-0.27122286443997545,40
414,394.596011786557,624.4780927591286,1.0113286007784632,-1.7058148249093152,2
415,301.37044456440617,480.888693881255,1.8524275880253287,0.9483945319277445,60
416,483.8221490800198,185.31124356551993,1.8269091118179834,-0.1672801508949563,59
417,499.02695783164563,176.31926888013422,1.166167134879499,0.6400123826883427,20
418,310.8843886246823,323.87334263553447,1.5038228178697883,1.0125812595520438,47
419,831.7273452730157,200.99162114871913,1.219389677622349,0.30816225333717073,26
420,617.0887635494,590.9087027242159,2.7462607182464063,0.13093363945238612,78
421,588.1853180378512,14.10779670226844,4.06913825242878,-0.08452179859689135,85
422,230.8330152366832,302.9197711790556,2.040035355795865,-0.976217829605841,65
423,670.3976405317972,488.193891072447,4.622844529387517,-0.6945135645087024,88
424,240.32805094855263,135.84763695336096,56.126101179010874,-0.020155256459829962,100
425,719.2882906991374,287.3514104867988,1.2622028409671975,-1.115196446282717,31
426,397.3530224636255,656.9856737884043,2.89651227760553,1.2228022085844743,79
427,596.1132137747372,685.1637281360352,1.2963994803423804,-0.6565917394651553,34
428,575.3894309880765,540.5242465205356,1.820730049214643,-0.38142048902266257,59
429,356.0123254115404,457.02381448963337,1.0456567288496335,-0.9997718281643169,7
430,595.9634804496948,135.4793274419944,1.3286723889190135,0.8991155677148125,35
431,342.3432922683621,579.6175848638351,7.645231499217052,1.2585000142956315,95
432,914.5902427034504,46.70883126283179,2.9719376411934966,-1.0814811840224532,80
433,506.40840617821925,286.43719883137857,1.824997255449803,0.9451522171662932,59
434,464.9367342806512,641.0238270555357,5.42052666508691,1.2437609543267332,91
435,182.0894355103972,50.89246155537857,1.7734477220356886,0.39332852277143127,57
436,352.4186016561135,475.16200833858164,1.225498607120265,-0.43809104262818654,26
437,68.38849914421834,71.38871594614216,1.722832245234394,-0.1371032093336415,54
438,621.9038031448782,311.4589195572876,1.137872571488487,-0.6768872940978936,17
439,972.8643243669723,37.93423170763468,2.0888811053909446,1.7062416924178263,67
440,736.3345026615071,212.9697078784743,5.716810407242918,-1.9834080967906964,92
441,327.9342344046917,489.9138604921491,3.491147200257177,-0.6300751936037329,83
442,827.1713309443599,269.7762587924199,2.2406378605160837,0.6011606602099479,70
443,454.7627859024106,330.2681492297717,1.0570938194191777,1.7837290302036308,8
444,366.3968289856027,364.36374397959,1.0947335252077361,0.4011528495353297,12
445,306.7248784990838,7.665327240949388,1.4621011254537197,-1.4007634513570566,45
446,706.3836284675084,442.53201900780476,1.164586093450565,-0.7832911295110635,20
447,564.522789570893,597.8942240604418,1.8834927554314358,0.6907522536364579,61
448,496.3410249276708,529.3742625688259,3.9377369684970343,-1.1015786380202728,84
449,274.50886153634804,157.57237740236812,2.7541322875273884,-1.375402537834864,78
450,737.7565426117893,18.42622425747063,1.3023795096753452,-0.23580322410022947,34
451,492.00139509382603,760.7648397314159,1.6301235333608897,-1.2280422474345543,51
452,373.3084522735899,16.22036612799204,1.0656125307325786,-1.2564697349449478,9
453,653.5646284538158,339.58174930300754,5.312242233037887,1.1558054450540385,90
454,723.2390437829504,292.6056942607758,1.08840114261046,-0.5710185440917259,12
455,588.9678175917783,45.4089452444641,1.1216791709401845,-0.5977886662961469,15
456,391.9032258304072,377.8096919454808,2.480568588757546,0.9415429012180035,75
457,624.8240264890238,564.7558371833725,4.121097936960184,-1.7310630658824502,85
458,536.593952358575,288.7595375997056,1.2045099460001887,1.1718254181424224,24
459,696.2922244413427,175.63244563652464,1.8147161184359648,1.5428289606106826,58
460,614.0531469604078,478.05363693862404,2.057927894609314,0.912370894443459,66
461,358.01209140218634,93.83369494197204,1.1643763862465686,1.5109675211084643,20
462,239.62832444042482,64.04567127224288,1.235449006599446,-0.6155580381253438,28
463,609.9706893910611,241.47829118321798,1.2271039752313644,-1.4717699312263928,27
464,788.7612174138769,42.04301156119024,1.7048340027326236,-0.8810287509537168,54
465,658.6471492259736,481.2862515307845,1.0024947698096978,1.7715259250865734,1
466,672.70202948769,354.064097316975,1.2211172936110033,0.1000249047609505,26
467,412.59943817643193,222.4097331490412,1.2325498710082572,0.9360857511663516,28
468,64.50156687842362,3.7885243466575655,3.2650259986245884,-0.7337499484927616,82
469,647.4477837442646,474.8347771919147,1.8727493406125342,-0.553886994873891,61
470,184.62270403639036,166.53949630271956,9.977721071230494,-1.806933587168551,97
471,623.5571720933478,329.3333873266624,2.513820067759534,-0.40696967097744896,75
472,145.2684958451394,79.6944142101993,6.609434522506045,-1.4445615800838565,93
473,731.2844941297859,246.81367235616045,1.1306780026353502,-0.6808823506196104,16
474,582.5140759786611,145.5065027453607,3.245608714941298,1.5115527909046156,82
475,402.25530201927194,120.49719863801813,1.5073246759711798,-0.18692804651454242,47
476,350.8084246974763,96.06728642145903,1.1154843914534938,-1.7049685579154794,14
477,682.8438732560942,58.54344003435185,1.2561209219745064,-0.8619363923961751,31
478,398.31479865041894,585.8291820393922,2.503757799849635,-0.9967630841768222,75
479,739.3021997626296,119.87044929763971,2.3251672671184367,0.9742119033670532,72
480,773.978945908911,278.21822657661664,1.17624240792696,-0.9406358428650502,21
481,790.4916732756212,214.961547116956,5.07081396870121,-0.5389537902769574,89
482,436.43938696953103,108.81546069157672,2.110375394289523,-0.868615697728669,68
483,344.5416396800772,41.84974765186075,9.230704617720756,-1.5957337426865008,96
484,304.4675866754334,276.5587465933993,4.593660202470157,1.4962859532055106,87
485,427.773402190838,108.30346586899282,1.815220109981988,-0.9869031783866438,58
486,813.7263568219237,294.68855410178145,3.3257365880531182,-0.3262336049010479,82
487,554.752013210978,26.34103502166872,2.7501314423433922,-1.3266049154028385,78
488,559.7426871004202,412.91787829439056,2.942172816386702,1.054352475568066,79
489,425.89340415213854,593.3424969549372,1.0871589822306995,-0.8733686120856173,11
490,549.878752197884,169.88500619901097,2.0722019422798983,-1.0393845366810945,66
491,527.7969001771817,316.61338321471146,1.791103653528579,-1.6955072128861968,57
492,526.6395013665953,273.27677728844986,1.1732646988275548,0.8290107833587127,21
493,452.46883955935675,51.793599091774006,1.1613804805127204,-0.9275587587810865,19
494,545.0974867907271,255.15109856292887,1.2046046590950574,-1.3362192777109707,24
495,600.822626816245,239.6734277287481,1.433320784495605,-1.3402770977794385,44
496,550.1691686929604,136.65045202780703,1.3185903739459066,-1.5849435223420398,35
497,539.8070068426367,248.65096859453888,1.3457304011557079,-2.1455677578800167,37
498,395.143352538077,262.4004567131378,6.1799233083643905,-1.130175082706082,93
499,781.062450775824,27.150504948520176,1.834988111415324,-1.399864926892765,59
500,566.2155815430245,50.53117614122825,2.7775863214072287,1.9295376375535715,78
501,431.683549979321,746.655033797236,1.3347116922929751,-1.1804144317427985,36
502,123.272902831431,171.50797964874238,1.209970387691387,-1.7176748059425146,25
503,502.1193679403516,401.4838655918937,1.1876783573626153,-1.09570440141398,22
504,556.8372176080743,727.5526345466725,2.0474700783926343,-1.720981891603014,65
505,722.5865340324258,175.0401516385519,1.492042320681903,0.5418780846837722,47
506,631.1208209167121,205.08301759124748,4.104594449033774,-1.6811991178753471,85
507,313.8815193843581,344.2705178963206,10.029537046094275,1.5180080224488282,97
508,699.0712791274011,170.71977937059532,1.8728946742395767,-0.12542876381231016,61
509,725.4330263180759,194.00714688094104,2.2836097287586266,-1.5251516218140249,71
510,205.61145468741992,353.82761484652053,1.522475861723316,-0.9561009503441568,48
511,351.28903085826914,489.62071592373866,1.0185935363303458,0.44018738729016726,4
512,323.0152894126079,486.7272425462179,1.6647444617927873,-1.4563202605220589,52
513,544.679880458132,184.2505102322564,1.3394975211755218,-1.3863804190370044,37
514,345.7197542014495,519.2636077571849,4.943449222478158,-1.4068871681444088,89
515,515.6872297118273,70.15810303898458,1.208428396638093,-0.8595291604466955,25
516,478.8963037331718,636.6926092679477,2.5242490774565067,1.4220603520368817,75
517,349.40545712058656,401.9277230622474,1.1563877916718421,-0.2840482008883023,19
518,359.9938168885136,375.62515611453506,1.650572766019309,0.91012196161141,52
519,77.05896374569737,17.804181586682038,1.013521882951379,0.8208351227827094,3
520,546.5178131269447,716.5041952770724,1.7152210713762943,0.3116501366489114,54
521,447.3485080155876,65.51726882020762,1.0246515232164723,-0.7970228548695534,4
522,616.4250805077237,436.6643662300576,1.1944306297699598,1.835819625853345,23
523,514.481671743555,700.6056742636151,26.87639816767958,0.8244631352028918,99
524,605.5084974648419,313.4796010297401,2.2452211036317604,0.7864117081164403,71
525,469.1630317114701,256.90970330793317,1.8649029047738046,0.9772630607792838,60
526,907.3713415818536,76.08540141742395,1.2312274093427296,-0.8941692384636907,27
527,786.1990480072245,120.90539000322089,1.182750071998998,-1.1135009579384711,21
528,632.4716697976827,21.773037431604592,1.1962323865031448,0.9881828327933468,23
529,933.4349578503434,57.91845548225728,1.4060453670918567,1.3829757957540931,42
530,441.02855341395025,41.892074954288645,9.152930390962254,-0.6202022044529671,96
531,831.5722759015979,21.947246145178365,1.1779978757380725,-1.5573026157154999,21
532,464.46171162495637,218.17003085266415,1.210595944222222,-0.574694030400714,25
533,46.97540208295759,5.853060455798033,1.5513870615228111,1.64980196387895,49
534,746.857314582081,353.71681619152287,1.1028790645058226,-1.0955478778971197,13
535,581.2965950709624,144.31103932825954,1.348440362827446,0.6212014631787407,37
536,480.44939345325326,405.5773033699991,1.1502882859965526,-2.5293058556733206,18
537,462.4473072029772,390.39026030768554,1.3739993928417158,-0.7752955030529726,39
538,596.9237354685256,291.67612523565,2.04894678915425,1.3898750252177776,65
539,579.8110643345356,572.9877342629238,1.4399897593393203,-0.549331352985696,44
540,543.4254433149621,578.1473764846663,1.1193525613058508,1.1539437982782919,15
541,405.2213356634548,511.7691765807061,11.607885065557118,-1.1400127427308107,97
542,611.5459655484001,208.9762763391782,1.1098691698590666,-1.3545230475972865,14
543,697.9070241670136,125.13930622512707,1.391673927088145,-1.5804128359946565,40
544,306.7291604521725,407.0318165305779,1.0348255493230547,1.4930539191057959,5
545,356.986557567012,568.7755683389261,1.1492551938391264,-0.33021572268306976,18
546,339.26916680172593,63.204999875570635,1.2659433724033746,-1.7108885491917882,32
547,371.8384965568737,624.8308982929599,1.764735646477571,-0.06165155763017727,56
548,322.21980748468116,518.8053172874679,7.8707606849382925,0.8326452709555774,95
549,676.4615702118541,62.39511616004923,1.0263228230353862,0.1762365941673556,5
550,675.7685379822371,216.50581779832714,1.3773130312979631,1.5630535589511547,39
551,446.8393380114601,236.52955642985722,3.005239156443844,-1.3771866961014607,80
552,116.98545072126538,147.95789080026321,2.0695768584272756,-0.7598889515657168,66
553,583.9969024311823,720.0869837586529,1.0415873939604123,1.1931114229423647,6
554,439.8624583054566,487.2758312664226,1.1687534071079495,-1.0004867116740264,20
555,709.8024392487134,340.0865155402277,1.6106146070881313,0.8821743189615652,51
556,455.9037456879317,228.28038661962037,1.9037496947664756,-0.5928608276499321,62
557,106.64514886781029,46.5554254700077,1.2717217956612379,-1.0284997979494368,32
558,518.2708117360761,520.5931482722575,2.287041650986532,-1.2750897896016729,71
559,855.1465046623243,88.98805345074179,1.0647918187071648,-0.8701944146691707,9
560,689.7469005970909,221.28320171747612,1.166056234700668,-0.8717772814597592,20
561,162.15149501991357,10.57129924603166,2.563427849467689,-1.6953291289174197,76
562,341.9173153125407,502.93421769909446,1.4707857979179155,-1.723099100348558,45
563,501.61739765115067,309.51804631316884,1.1903711455907682,-1.3310568151076636,23
564,397.97208891317206,638.6896408694839,1.4215660207960512,-0.7636424937145108,43
565,237.30690023025238,138.90224868848458,2.8143389569483546,-0.9601109689944723,79
566,576.9778703139716,313.7877232514297,2.3156470333133328,-0.6563130735479379,72
567,366.9655304955353,430.7595882079286,1.480683052128218,-0.004395361481075222,46
568,395.2845913818409,211.04013257776288,1.4268381266949073,-1.083014980206138,43
569,254.31984059773393,358.8672329173092,2.4383000115788716,-0.8008379837958635,74
570,94.65458769040796,113.92104222243526,1.840793842040565,-0.8029612640568378,59
571,804.0861718372762,20.086306831977165,1.2335917812891357,0.4507737345532793,28
572,657.1954747878979,399.29601079615816,4.731326954068837,-0.8305694045527694,88
573,403.2411714973045,386.5121361709308,2.2419722936554036,0.7901856455336914,70
574,676.2004902728178,157.8802375978336,14.303364206172203,1.1662950146099376,98
575,681.9226315381891,511.7080194622683,14.987187945742711,-0.9872093348045548,98
576,425.4698543162237,211.24524582615803,1.055904186515322,1.1083832607927189,8
577,436.2805063401953,296.94025666611236,1.3580211759398366,-1.9425798860408712,38
578,436.67390516752926,414.4203657607043,1.9538096961975349,-0.9700613184214383,64
579,381.67503716089664,210.18135143467205,1.9863411402280176,-1.315955476935227,64
580,509.7396986147721,532.984041110654,1.1811330622905143,-0.9061257487975183,21
581,537.0117333588809,350.568240137821,2.6812011090382826,-1.4589408405105608,77
582,184.59768528366956,24.129859510117583,2.22713225348849,-0.6340813057184693,70
583,422.7967381294843,599.4375691575276,1.5297255824590597,-1.1253989384386625,48
584,547.6859182093166,547.4328285823796,1.7445500541793237,-0.35227802120296836,55
585,253.56477008660207,85.56329968852515,1.337480563753046,-0.9032640238284895,36
586,401.2601427403836,640.1815425134237,1.4848261488109684,-0.2553587313912212,46
587,516.3234022441984,44.839056851690245,4.530331912045093,-1.0329724142298689,87
588,416.56934591067954,373.30090266431455,1.458938534591925,1.9385314712117383,45
589,661.948693301146,339.3494957145883,1.5539532681170687,-1.458530427985126,49
590,689.8665147525825,111.75654513873728,1.5527338275692626,-1.7430157770770514,49
591,554.5301523508422,758.3246158803194,1.3171067921838653,-0.8888463350546807,35
592,633.7960615098252,54.945958057488866,1.010306405078445,0.8069090998678369,2
593,198.41045596709588,331.79074355893897,8.251017824939886,-0.5093308754230602,95
594,786.2951323095556,169.90711770869518,1.1835222583715936,-0.16226834083133024,22
595,448.6021902998302,52.691290356936506,3.7844940176213733,-1.0414107678375495,84
596,465.16300188000065,348.6364343529818,1.3171844868716134,-0.9730011671564306,35
597,771.1441528705974,238.16413620825804,4.377476741760186,-0.7948520894334119,86
598,708.1861235234973,307.61783426999904,8.435287615264091,1.4334358484876506,95
599,575.1622407026184,138.55902599600384,1.117669620213417,-1.0151819318175885,15
600,697.9831630661809,399.1041838018395,3.3876259537643096,-1.3349667222980077,83
601,388.4365199220501,580.7871481770557,4.838305748671539,1.0225589952763252,89
602,162.54557150849223,169.62223461230192,3.6232508890636757,1.7712044140604282,84
603,510.59709182987626,33.970051430562584,3.060464614034975,-1.1477912476928487,81
604,927.5171004768438,121.02719903496498,3.112682701890879,0.7327363208509077,82
605,650.1929474763067,271.8687894052101,1.3713524397358303,-0.08712148342391912,39
606,80.01312058395438,36.628140066223175,1.8129090743121254,-1.3649166146301097,58
607,504.21644087743067,30.987645499334466,1.2467636389134482,-0.7232611124838904,29
608,935.1809450057235,3.9279575523032806,1.571177032572721,0.7360628749438181,49
609,267.977808735423,117.2225970022715,1.4014644640213567,-1.4667300171103956,41
610,786.3726605689618,110.0850588222206,1.1895493269049633,-1.0661257044207522,22
611,788.4661063786723,253.7330167865884,1.2997540694177776,1.5305255888268008,34
612,53.953891286879774,51.08419990280911,1.1619323603482852,0.8287994303434182,19
613,838.2719230478917,123.01599753456495,1.7549891375054758,1.4046156167582637,56
614,392.0095749820777,419.95569069476613,1.1266612389679471,-0.8989108426914496,16
615,137.9317531706703,169.50253950827414,2.077816520798543,-0.6356298229137879,67
616,189.30380986702608,127.96936241785718,1.0616395077876726,-1.2630117624533117,8
617,352.26477552400894,326.21086149355136,1.666477194580769,1.1079635149897489,53
618,326.8790548893629,148.22487339483095,1.3880263809341635,1.288686092981587,40
619,637.0298298246297,55.96560707968981,1.4000950879228105,-1.3088125689905956,41
620,511.08985757220523,674.1843748470422,1.722372001319748,-1.5128872650337382,54
621,705.204250192098,240.82630930577432,1.256536255628518,-0.8677188153799287,31
622,611.0585255141043,463.32071279243837,1.0074220773469904,-0.6181693927611127,1
623,925.6827892278467,0.95651032529512,1.0579065465187256,-0.6969122699100985,8
624,253.17223562877973,364.90509066225695,1.095312676729934,0.7385460158842201,13
625,181.76732960816227,138.8986609054106,1.4766466303632813,-1.9727266943451158,46
626,271.06560315665143,409.43686380951596,1.3010241077746243,-1.0911479392921524,34
627,476.6436157555758,426.26348020459506,1.344144265821207,-1.131391912053712,37
628,781.8603696753838,318.24753460139243,1.0657429489198582,-0.49783931426296846,9
629,498.4212055537179,514.5784044662805,1.0985596795393835,-1.1562499787933365,13
630,514.668348346209,578.1556852278406,1.3385265862908327,-0.8235896919744495,36
631,485.84779173246454,363.76381080536027,1.3037430798666703,-1.1256719448932806,34
632,578.6983376965841,462.8829988534771,1.3959375785873978,-0.5140522001961528,40
633,561.0565445234532,219.5783385445611,2.7337511711172056,-0.19358928299121148,78
634,711.8788471931257,382.6941124667012,1.9239196322099712,0.955355345061903,63
635,658.0515178935725,73.20578673314002,7.342495714020767,2.135195014306147,94
636,498.5740429302571,328.59881713082865,1.7355039788153293,-1.3069851553172198,55
637,766.8735337682597,233.67294491198115,8.499583889124136,-0.7634518429691332,95
638,620.2128479006349,310.71463831945744,6.148923943891414,1.971522663836879,93
639,679.4735708470268,487.50446393308357,3.067286883913096,0.5339446435997681,81
640,542.9937861654147,246.73536240652732,1.2487349149895801,-0.7809038463560165,30
641,803.9452292321919,7.539820983041697,5.71808492128289,1.0760431674852358,92
642,206.98775456313638,221.50713997754,1.6926130256862186,1.2435996134188472,53
643,673.5196517056606,558.9536121740938,1.4750177106290598,0.5980406076744367,46
644,645.3717601653777,26.850900615586628,4.056682864357099,-1.366206857008739,85
645,505.97461701374243,407.13899351054084,4.611136864754795,-1.6495613964805742,87
646,276.21154495983313,125.1607685291782,1.1436328189058345,-0.7165111474931283,17
647,621.913610618622,622.2754778762707,1.0457181100746415,-0.7713831784594796,7
648,381.75834472276927,293.62798355536495,8.842136359962293,-1.5749387353782802,95
649,134.36264406872934,157.52441977042747,1.1753208282179917,-1.3161321362910743,21
650,572.3700991610036,357.50898211317843,1.4623823164812073,-1.4160208258548947,45
651,427.1846125916247,629.0949692201335,1.3011220576708182,-1.0398673100023486,34
652,24.987941269441038,42.925987810604525,2.1366809607528117,1.4720626014363236,68
653,514.4321845486575,704.7302174340373,1.0173726925435995,-0.9127875330843913,4
654,523.0033373037232,108.11542084315687,1.228010973571274,1.1051423580943707,27
655,638.988742283308,579.0536322240869,6.768978542040467,0.940940640331037,94
656,385.66980809818347,77.47359463182649,1.8855688293244792,-1.0939658902605076,62
657,412.12257318725403,508.0019843444781,1.1474305130825844,-1.2886232060862426,18
658,256.7189941192443,155.51859057514235,1.2363483242932196,0.7575218282851836,28
659,251.45068646410687,337.3150348111123,4.499222457652327,-1.1190263363304624,87
660,614.67305596565,92.5134992593016,3.079422244879565,-0.5516740239741923,81
661,192.03213283247555,111.79808411081673,13.80199255769659,-1.467677469657337,98
662,335.899460575424,215.64032242341636,1.7678262168533043,-1.2797160243328771,57
663,364.54335279558666,91.46000922129306,8.502961413549283,0.892619577406436,95
664,716.245890557269,71.82315763070794,1.1373591214838419,-0.9829136588218742,17
665,47.62482141672747,78.61454346574736,1.8616385287750037,0.46082450293163923,60
666,517.8934334961236,76.26434916839037,1.0707962563891726,-1.3543421951901653,10
667,429.536688083413,735.8071360840211,1.7654796533333197,-0.2202914721115118,56
668,553.2829950507025,131.91141985494576,1.978993143798731,0.8342769069263218,64
669,504.4314487636874,250.18549413691886,2.6203535296694946,-1.5350761399045845,76
670,485.28213429234415,224.9920894281341,1.8888045100981217,1.2160781422172469,62
671,459.89284122451056,424.8535543590679,2.7020118801557205,1.5793096243290017,77
672,661.1403947028156,39.48203475654186,1.8046864501457338,-1.3808355576237135,58
673,740.0918957441002,320.1067881748524,1.4013741256252592,-0.198585057654877,41
674,276.87389897539435,388.68503909578124,5.678517749792773,2.2873526730600675,92
675,237.5509746277545,96.4288136699624,1.4694759809117115,-0.7040087092505053,45
676,425.8663139357779,693.3745861694265,1.0091763911145049,-1.4078626786194677,2
677,438.2289445300311,572.9621648282089,1.1597769503202433,-1.037210627244216,19
678,393.81459162016677,545.3917875904727,2.865427184532847,-1.0297864928906262,79
679,858.2760317826575,52.75113747650272,14.191021791713714,-0.7949027517958476,98
680,746.142535057658,373.21105774612283,1.1099012717927081,-1.3049675830548484,14
681,693.6862845225867,255.8031103344389,17.296313132325203,-0.7219371022256611,99
682,550.9234756266225,772.917718563951,1.7261102542085032,-1.5082259025006481,54
683,586.4970046775253,373.2786751996087,1.923122848998218,-1.9675728543883695,63
684,698.88288779962,480.8737904153386,99.27388466841674,-1.1414022093278746,100
685,633.8535061344409,140.57326146411484,1.0406395062744505,-1.5212857011246816,6
686,495.41667663314814,856.3477414272924,2.661958629996495,-1.083472151217791,77
687,741.0666905529711,399.5235609548156,1.2559927035773186,-1.470712173535527,30
688,449.8206756515389,711.2870372688625,1.1840518256277575,-0.3347522974220646,22
689,438.9978966776302,743.6063793299573,1.2019545927220474,-0.8571674385942085,24
690,203.12236347140782,283.0916451428357,1.6851912147684094,-0.9027492803196843,53
691,394.16919823269336,560.1973539205211,1.519975594300338,-0.956950514618801,47
692,478.1626009770663,9.698128846342781,7.198652471282134,-1.0262809611112185,94
693,772.5205231443779,110.33686472718631,1.229357285402416,0.37685088699200486,27
694,213.1239015475292,352.5646286173824,25.44149200535166,0.2735253495849066,99
695,386.6659175359062,20.229274209779984,1.4264411563705834,0.523585157506808,43
696,23.770668684145456,14.783889810891758,45.1658194976797,0.5620549749005495,100
697,509.1167996999431,701.9136703009914,1.1399398952336617,0.6063693647393759,17
698,4.831552915723236,1.2360515208453855,1.0169916299721014,0.13352201854941592,3
699,230.43598051493248,22.643815785660447,1.2577947750694,-0.9045103428147198,31
700,395.5616611189635,496.8446443339154,1.291072696357621,-1.8674640833524359,33
701,177.0060921009774,230.76323251395354,1.8810828048828356,1.1476575640884832,61
702,319.852315866673,154.80089631072812,1.0635292883193275,-1.2653503280089,9
703,81.127319623494,63.16195256510953,1.0576121203711333,-0.8810793663987204,8
704,630.982735677437,100.4394973844091,1.1388217945399617,1.0742891681845554,17
705,462.36897898621726,608.3079939075867,16.958278762116112,-1.028792894733725,98
706,615.0017891847552,440.7810698522305,1.0238262308644863,0.5570945722160705,4
707,607.6215779571892,379.4405606867426,9.207428832125037,-0.8253837887760139,96
708,423.102888372816,620.4670783631918,2.6317473363550925,1.8234035525101104,76
709,686.9696462413623,6.560077906523248,1.3648530695777783,-1.6158248419475987,38
710,977.8549863762104,35.538434470695535,2.3659034499040574,-1.3565058108184824,73
711,809.970944959154,177.24711358230104,2.4303715401078194,1.1683030040832079,73
712,227.94611045271228,202.00012226556137,1.194901473351204,-0.8998350748887937,23
713,436.4750477205363,468.10052335801873,1.5792554305921076,1.4522916400791948,50
714,278.2571239913898,480.27465917216597,74.07029226457479,-1.6035687499546158,100
715,69.63680367592062,65.62273711811555,2.5247949759554675,-0.7146580618731717,75
716,758.4787601813072,172.33304470539275,6.396837617143718,0.40522250780201796,93
717,656.4783244391384,129.01076268626687,1.433881369501611,-1.2743725553311798,44
718,430.4298599126328,698.9049191689256,1.0828394051989418,-0.3756923022602243,11
719,448.0780686323712,524.540568553582,1.0907902407707208,0.34989864485464284,12
720,945.9656708508512,16.163082948001833,4.711820987324353,-0.8709183556715836,88
721,321.0043133829163,381.1125618965678,1.2512603911724087,-0.7416535349993084,30
722,743.3280772729302,180.44408882349956,11.908253144655811,-1.312039673109355,97
723,302.5955804847474,60.70710295389624,1.6578387670909105,-0.5465820831031404,52
724,885.2530391425611,68.5940460979967,1.072491977667535,1.8103845425018297,10
725,438.93924759774006,514.641860072056,5.461465241567687,1.0951260428685747,91
726,470.146217869766,86.32605243027713,1.2543390654199476,1.032671904654122,30
727,530.5030300310996,40.181310717331876,1.1827512025343336,-1.524385216410943,21
728,571.7185938052959,522.9449071392779,1.6976241550330773,-1.7982819261276468,54
729,471.2156429376549,598.5697962057237,3.994277882036679,1.422613430678137,85
730,391.84718183690126,358.4157802765309,1.008834651669503,0.1734782405224934,2
731,26.46437076443919,33.513508418705484,1.8106973653402614,-0.11788126957487077,58
732,405.4697901272359,511.5138653853719,1.8288621022428249,-0.43928432650368066,59
733,556.5715631745223,109.94594953679554,1.0019486138846423,-0.3724617293723229,1
734,168.87283329205698,109.76436303146463,1.0562127303719568,-1.2547534100821147,8
735,728.1328746361013,84.47876687727714,1.1637402104683932,-0.7915432003704326,19
736,438.5292154094536,443.94109890462533,1.3945040792597698,-1.199074905664005,40
737,825.2167707619775,281.7401664222857,1.0681818381573143,-0.5038492892878135,9
738,608.9065276196883,189.06804695247266,1.0117523886766064,-0.280819528913416,3
739,482.7999271925145,612.5034838618892,1.9045872144046048,0.6901407576392184,62
740,607.6078207715179,327.45665746029727,1.3292409014821085,-0.9934135616055731,35
741,175.96098214846774,212.39200574769208,1.0345286492253016,-2.0279296812867136,5
742,204.80008873482853,61.32910209214912,2.328646449991103,1.1646799348279713,72
743,810.1283115544313,168.02405562869197,1.3300401988029047,1.5290975020535833,36
744,144.92895864767107,20.289626400059255,5.411018052815231,-1.0827091137532343,91
745,538.8088841449049,499.57600297003296,1.1007871796161746,-1.3440380314482336,13
746,486.73074858685754,830.2745439926807,1.0241865951179274,-1.077258007078339,4
747,261.29714256213293,57.068488152596046,1.0523387719880002,-0.579831285629894,7
748,588.7426591730662,307.52701349544725,3.5703526292625862,-1.7338144906928457,83
749,196.8527149042942,130.00057780837423,1.1344749451406555,1.7209484630903913,16
750,321.1559528871535,247.36369613763324,1.9040015193949882,-1.0753897691403576,62
751,283.3894194922671,28.430821532638138,6.989939662926761,-1.042852853080517,94
752,739.7087149034945,265.27631282001937,2.1482609898714955,0.2720961732792654,69
753,355.53851735414327,287.50585288589343,1.6892269762145948,-1.1761079528345697,53
754,651.4939239837648,594.5284605759698,5.251972499894958,-1.4216539762002118,90
755,587.258380095546,287.700580595813,1.2625303044854619,-1.1652557181430374,32
756,442.72700519969885,720.4806357130389,1.2496776836152248,-1.3037950002876477,30
757,718.1678451520951,373.45549599479756,2.310279039179483,1.3181413711498837,72
758,315.7568210829921,455.9770318080536,1.1958686713244766,0.8491159840827486,23
759,166.6123591331336,21.188305816693543,1.2189163721113578,-1.289828209324121,25
760,192.7596268976879,237.59300629522716,4.208196302491636,-1.2096487712021526,86
761,735.1316190342162,223.87795828277405,1.8591748431262223,-0.948719344798872,60
762,145.48253428784508,106.87093929114566,1.2937131837229452,-1.2638572544019604,33
763,289.441265548391,69.95109504473919,1.2198388017713342,-0.15795115568704898,26
764,369.7891249867603,306.09065784889447,1.1246097893661429,0.6615440093417262,16
765,719.043341876391,469.10608620498493,2.694469554154825,-1.308176511732623,77
766,489.9309814122595,827.8647116387267,1.1193217069310053,0.6503968005166372,15
767,168.31043156354676,178.67347236507158,5.0838700809523045,-0.39342071984533955,89
768,655.2015149560212,240.64842299657545,5.053319513141557,-0.31834853639506877,89
769,300.7861158759391,347.1327443006374,3.8668729264398185,-0.7581072604919932,84
770,237.27693879697136,160.14124014765213,1.4262176267238322,-1.9092405504723247,43
771,418.3699761449987,481.67870978891256,2.8841730300384745,-0.6885046756734691,79
772,763.6602411868762,164.55896874612216,9.317265694704487,-0.7917747881958592,96
773,444.33944628035897,36.71004300065032,1.0560109288733954,0.37612532928862197,8
774,212.70945791766064,310.85717498443137,4.635173521793412,-0.7135108507451193,88
775,369.2559881989918,257.5618446174453,3.8369299440968954,-0.21346773965806087,84
776,302.30673825444023,95.06058517884497,1.312545920971029,-1.0152863140044606,35
777,888.8740644938923,191.48812960139213,1.117048325963981,-1.0364288132373503,14
778,651.6989320923154,33.66265552600758,1.0104286725822684,-1.1233163265905697,2
779,376.78400411799254,203.3600436311704,1.8055156805027146,0.894367339465846,58
780,368.07641881362997,161.48731248424176,1.0514248850180028,-1.4107592889191043,7
781,413.8989399787718,20.5306003658822,1.1721496812440548,0.9518369620894336,20
782,710.1319064961688,282.47979586464965,9.765081542070734,1.1178567292356616,96
783,342.6154972922377,300.89954659877435,1.1243652795702879,1.7781198381302512,16
784,844.0887875819304,193.66945942513487,1.4063997896750269,-0.9421387989032085,42
785,655.270846139666,476.80572920695727,10.071028213689813,-1.352118410797676,97
786,445.03028029510324,302.67141406487775,1.9072150131069796,-1.289886392096931,62
787,348.0193442094165,48.8267136901324,1.1424340185402544,-0.897485948597108,17
788,472.51102538417706,655.7049480727046,1.3531410203741927,-0.6617793222695525,37
789,308.50704356795507,395.23983779424975,1.2002157538201275,-0.49339508694956824,23
790,467.20662614981075,762.9943568125357,1.4127516022410693,-0.5727327764890835,42
791,784.956228491341,127.27190111972757,1.4524792572963727,-1.2649047973736345,44
792,599.291787800746,97.95747605800595,1.0675524914000196,-0.7143721977879203,9
793,612.0266839652306,522.0030054062721,1.0672411179088122,-0.6349658331308285,9
794,126.00315119991463,87.5389468449948,1.0514530411290224,-0.9595202883466278,7
795,185.1835158759448,58.43487493393897,1.896949988735085,0.835327889773165,62
796,590.9682741337779,175.63557922184145,1.0911518318640174,-1.8492002562120957,12
797,365.41832709244056,93.04894707945512,1.3532352420558877,-0.25532693668906015,38
798,757.7459659065458,231.04719184778833,1.0825728756793245,0.06826511647622147,11
799,343.557751020357,133.3559100247429,1.400809924362714,1.1551028323784518,41
800,351.95588893745526,116.17829538623941,1.5973029567691106,1.3597313222751646,51
801,425.9756731313448,463.3095899307674,1.4897717332893294,-0.04524751103698188,47
802,424.418850612132,658.0004652812438,1.0728684475488883,-1.2019060876644148,10
803,472.67263052710206,41.39528154555961,1.4669440288143105,0.6940022936513301,45
804,813.3592821741566,68.6488289104143,1.4596210860200232,1.7620700908018176,45
805,411.6225935382387,206.09569874196507,1.12312323471562,-0.7349290854765517,15
806,528.91225960272,180.86649506860198,1.4318602401099696,-0.2013283694731931,43
807,338.6975635655572,60.64497851926577,88.74728891745328,-0.3794227530921198,100
808,232.14627307133378,85.92152855048622,2.989478003275641,-2.508703593044629,80
809,689.1089894874679,448.8577980409995,1.0705092312510867,-0.5859797313073057,10
810,350.9165818932253,445.90470863275027,1.2462134800876712,0.7992437893883803,29
811,255.93393142692076,307.25614886493213,1.3722431216127489,-0.6719159159307619,39
812,601.4033609948602,604.4041630893628,3.764762586659533,-0.29176387446826313,84
813,423.2473181093695,90.29942493467719,3.0297134944163444,-0.7989758544419158,80
814,152.7471159300792,226.80351950867134,1.6145261863389002,-1.4552240235953404,51
815,364.81257694513954,14.466263066494434,1.4429612476519567,-0.6573051777998749,44
816,636.6921978450141,290.4693066077662,3.0307807527567685,-1.2264238047556257,81
817,490.6359048922485,496.7594073188533,1.946448684117401,-1.3053325992179985,64
818,575.9063301633867,267.9082540463507,2.7047851418506466,-0.7715920057877343,77
819,738.1357317803372,28.932604280993957,1.3699306563985945,-1.135422606681067,39
820,709.3074864589474,89.39525627505242,1.4043938180286908,-0.8132256276906126,41
821,729.7471759796159,370.9798645040177,9.521514830385376,-1.1051529457473497,96
822,646.3089553600223,455.6394176159978,2.062101955136725,-0.8210071422586491,66
823,670.9300189909785,425.65499054550924,2.057414344294091,-0.7283565684901503,66
824,427.72943488730664,80.13253197221186,1.7326113381647341,-0.8872331437361427,55
825,626.447276982562,87.39473930988898,1.4790551182038432,-0.2835119217426483,46
826,357.077282673745,374.7342969230558,2.323332193535946,1.642309335887473,72
827,828.4459757226301,248.5621259324505,5.3400513485470595,0.3651097851385545,90
828,426.1816818453195,298.23598379685427,1.4009772572242423,0.7881853972891136,41
829,493.3268511836959,810.1364328691999,1.3415927964213543,-0.642446782774036,37
830,392.49339684236446,93.70250213270452,6.523719761379534,1.1958433933363615,93
831,267.9140209108426,365.21289895132463,4.400136418156831,-1.5888558655113587,86
832,515.837977140756,765.128545647484,1.4575712822616353,-1.4734535008252774,44
833,347.28643908202,501.84394359008195,1.861393164742292,-0.5637212998006504,60
834,849.6778605978675,6.532766177334709,2.2661892281570832,-1.044870060990331,71
835,885.474959571085,95.34130921951662,1.3123474080661273,-0.597301106244587,35
836,591.457236713365,140.54663350307882,1.0107953380874364,1.4995603881956592,2
837,591.9547817987946,233.06217189595435,7.586062626763545,-0.5432784625958674,95
838,866.2210237311247,20.934642058579378,1.594972000834379,0.4473401099080566,50
839,690.4220139364395,144.2753640073792,1.762898443337272,-1.541493961471911,56
840,186.78571602799076,139.6830304908121,1.2193640516015956,-1.3593896555758516,26
841,153.12370412427524,169.53085751467452,1.0454646647568098,-1.7042579252225498,7
842,623.4133825067333,422.2047617195674,1.7474868527464016,-0.2561435580425343,55
843,572.8938104923942,78.44388709981335,2.0197219832922446,-0.23284865236197927,65
844,627.1320663900898,64.3880782339442,3.033719078931199,1.0799592470943438,81
845,131.702000342523,101.79010967461673,1.0497451095526746,0.8180899789350928,7
846,395.113930742446,590.0066244773374,5.805230905294517,-1.8236878379675825,92
847,75.43686969155388,32.61521143244423,3.0165525051659277,1.0851583160502711,80
848,338.59353536940625,22.112213235997537,2.451694828995801,-2.121158254986958,74
849,633.499615679785,44.7350547853575,1.330880653544649,-0.6839711184068988,36
850,645.0777873512972,485.31375110831993,1.082305856750582,-0.6991671529447739,11
851,397.5626207924412,398.3242914841449,4.550925323669777,0.6811358965150933,87
852,806.6771275104514,160.78180731973174,1.079120742939744,-0.61052966234199,11
853,665.1044093652328,292.01643038860306,1.8771518802423723,-0.8832685489689658,61
854,325.82650302201665,386.3867465682438,2.0703942293693305,-0.5242254538467547,66
855,542.9285064137183,207.26792905657263,1.2447044286621887,1.3053950564846952,29
856,766.1045628362026,135.8510614200279,1.1057426789578,-2.4004861169108467,14
857,356.6656918617875,269.3153100878399,1.467505204330648,-0.443811037176298,45
858,452.93241096280866,147.53095990171067,1.1057194146424338,0.31638897898871965,13
859,539.5948489080863,302.79896877177066,1.3650719996484193,-0.7246238540727226,38
860,306.92270504000174,25.06075510678746,1.7320152135535958,-1.0624886410595358,55
861,402.44919046462593,534.8488232821297,1.004831421302652,-1.267398180226796,1
862,164.08715696673949,108.6276051015151,6.538927776800534,-0.24487081275946931,93
863,350.88040343885837,137.51786381294136,1.2350016500313994,0.44961627828688755,28
864,369.87948314850416,140.72004919636728,2.203612680803147,1.7328301305842482,70
865,422.65873426505914,30.100730027460354,3.1607698903383348,0.47910246972624515,82
866,367.8324059447608,335.0170184122046,1.0429404294756972,-1.4873778946993903,6
867,390.49553120390556,674.5131527749677,4.603309235866733,0.14109843687603363,87
868,331.32381424210763,59.96906164013902,2.712026383457931,-1.4763639164645155,77
869,584.3084146285341,676.9260974952506,5.7142310522670146,0.20462033476892993,92
870,905.5110877459025,145.87337777552867,2.419965730572776,-1.3875526416847404,73
871,694.2066355152754,328.86701800446457,2.1346787092305655,-0.9486572772106923,68
872,842.9243966835982,246.70479597165107,2.377531086170384,-1.0689027533270956,73
873,743.3629405402849,294.17890006459186,6.546515026830985,-0.6355632752151648,93
874,878.6583427997272,7.207021024245039,1.5743570969805203,-0.593682810913455,50
875,230.37701520561626,141.17961949252947,5.671131763047514,-1.476525842627001,91
876,973.4735622335742,43.361727501884445,1.3297120464391494,0.3853150387520934,36
877,909.0072964066231,145.73000209172451,2.0967989402789446,-0.8624426900057102,67
878,756.5529716591175,165.04459870397204,1.0923746857490406,0.958556531618258,12
879,798.2613766113278,211.51259005237213,1.7578252186464314,-0.008727351227543534,56
880,454.0086827304195,355.523243207885,1.9715136756280593,-0.8652820137970495,64
881,815.7946881679848,268.7726046459345,1.014031975468078,-0.5612105173153579,3
882,771.4986012168214,307.57582560931814,1.0055808792369392,-1.3035530401040356,1
883,304.4635911671811,189.50092633971911,1.419259401156509,-0.8988020333408112,43
884,942.6769004305024,86.38434749868343,3.391273929569641,-0.9543414965516708,83
885,823.0401842485214,167.63172220245792,13.311556147028748,-0.0349523311060711,98
886,632.2100304868814,503.2676105859266,1.382721972805922,-1.222573840409738,39
887,441.6412588669401,53.6531291054398,1.9948590026955642,-0.6287364982635164,65
888,791.4241652859549,332.6923825398969,9.460578262779295,-0.3646862873961768,96
889,325.8669033049597,481.5374492073459,2.5630920817050407,-1.4653148270980578,76
890,440.098762060044,400.2043045557646,5.519341239882987,1.3043851817162495,91
891,348.71764343241824,350.51337396253376,1.162755710789391,1.1306506595670613,19
892,600.073045669525,70.35702601461149,1.480332335709279,1.5042267982543245,46
893,211.29024499855018,219.58520571008202,4.121868260679304,-0.4803841228488427,85
894,194.06583960941026,216.76639794302656,1.2301209173833663,-1.5836140062376942,27
895,503.4809979222438,295.8322635018683,1.5021516727819124,1.6252240391111004,47
896,316.6388517943835,131.18370756903792,12.201003809635745,-0.9181668185773952,98
897,274.47835579995024,441.73390236162464,1.2539834128671017,1.0615098381023422,30
898,365.12918726143346,381.4709150029842,1.0042800576522084,-0.3887189676466877,1
899,542.5202166549316,654.7122084087179,1.2346827563300273,1.419774606775684,28
900,497.2348710857343,277.9139912114131,1.8416573031833727,0.5680705978787568,59
901,511.87991918593093,199.22288434587125,1.7341850626041448,0.1624408589892674,55
902,499.2814010318249,701.6402500821049,3.0909962733087775,1.2697646936093443,81
903,362.0937249844529,494.75930329793607,1.6463688550392317,-0.5151111738115532,52
904,490.148934004275,703.1216584945942,1.1886514390897793,-1.817347167639038,22
905,279.0963532025607,94.47276632811065,1.2569786625393564,2.052860340149026,31
906,569.6105160000902,472.5786557864626,1.2103736871879265,-0.9501569866779278,25
907,635.8291222918072,370.9063770155314,2.039044515850289,-2.2135373939031417,65
908,412.2820105793118,678.2335504773466,1.7741920635288289,-1.478107151883695,57
909,400.78509885496305,643.0335166516198,4.678599037843846,-1.8534348551202258,88
910,195.46933555120523,92.2218178691846,3.4413792859427503,-0.8093900786683934,83
911,258.11925323834726,68.59193374933484,2.103338401114663,-0.6682088206363992,67
912,361.629344055309,233.12123987842415,2.080411871637043,1.8218258937823844,67
913,354.0031280039876,357.70481008866506,2.728231440057046,-1.3822590829501544,77
914,156.2490720487662,64.30193663950311,1.4021835704424934,-1.1993159379514207,41
915,675.6338097651304,37.17452319018151,1.513506109075072,0.7127009942376135,47
916,721.1891891540236,464.385767773976,1.7075321884190986,-1.4144834861405713,54
917,790.7052451175291,85.10723799857482,2.3766772903076374,-1.130627023576631,73
918,823.1126949835137,173.7340588784706,1.243751644503478,-0.635060460792648,29
919,763.6630630418505,144.4585065872594,1.2816364530256605,-1.2496741944828078,32
920,911.9483049766485,115.58240224980631,1.0090756354454735,-0.7513609884531738,2
921,225.2572329915723,248.3382541899609,1.2724099835860645,-1.494016481274906,32
922,899.5456356683052,2.7296019480924505,5.204435540110166,-0.724748887465972,90
923,441.1018173868759,683.2043879132596,1.231473349303843,-0.39528425330888783,28
924,855.8684794444838,95.46568835669417,1.7208024737503238,1.2532817704389692,54
925,354.0256493880164,24.496292522179157,1.9111810282402932,-0.13887899163633544,63
926,253.71830295847525,158.4084849845312,1.405168676787039,-1.2200447485747072,42
927,139.8115574255327,169.1978427682997,1.9207216512228977,0.024326912020393276,63
928,576.61588500943,575.7001948049702,1.909885015137748,-0.5455885891212614,63
929,672.4883586525124,273.80795338967044,2.1852825482948104,-0.8582370409236325,69
930,283.90374659354546,110.98779620456779,2.102016561748733,-1.4810324134403823,67
931,653.3559413804657,477.52938520539914,2.3389046473473085,-1.650054004387869,72
932,359.9589554249612,46.38856770951632,1.304449178733713,-1.0948673397283237,34
933,706.1872815529202,53.06651389988764,1.218952202091164,-1.4092012283923212,26
934,560.4125591429082,750.3817737896343,10.989354392211782,-1.4253938122957892,97
935,714.3184833957091,475.42930676651036,1.4067540533209424,-1.412580898336539,42
936,747.9843311462225,432.7091100305848,2.2105452673714976,-0.91945504687049,70
937,102.66634474782893,130.33166464344427,4.796210264329388,-0.4137303899789502,88
938,252.32290690599652,16.574816380880538,1.538130113350435,1.5195742499508782,48
939,734.0218659292489,385.69199943545806,2.1343931787633776,-1.2431061639525236,68
940,501.19474925824613,92.99528786380247,4.716631890327262,-1.3611013481228562,88
941,341.3335111417784,37.59676453433237,1.0358050687980456,-1.224844084015242,6
942,533.9135000909353,475.71147959031,1.256953207205168,-0.8215735047527852,31
943,435.28608731452596,654.424550009308,1.6314801097964846,1.1104157844097466,52
944,557.4720460240812,73.73247253798276,1.245933490316119,1.2384458726720537,29
945,416.6653029170421,17.10830472647048,1.880272790223479,-1.422598233200255,61
946,835.8214001207461,33.88960686985292,3.029505397118663,0.4982060506652577,80
947,443.80910530281744,390.7980424770756,5.678251134204419,-1.2987427497131077,91
948,578.7407864533968,727.3552843311736,1.1973423678547055,-1.8956333974947452,23
949,367.6274681918663,443.9737957052869,1.2326623282794336,-0.27120871701900795,28
950,745.1624581763195,30.724360235248753,1.1004001929257778,0.9960647686118759,13
951,264.50602310091745,64.72446110903455,2.985022597444226,1.3340739735755434,80
952,371.5894613396856,291.7264678700874,2.3390163546118647,0.7323023743874407,72
953,552.2428850379982,165.160018913959,1.5238529266937828,-1.0248036121696198,48
954,495.331303520034,461.1515124751826,5.348971571662192,-1.1857837071309723,90
955,489.53706438578365,790.1148490406348,2.3324195478109253,0.6405158566994541,72
956,982.1362414858926,16.31100472512001,2.5396460721662475,-1.4141191590968691,76
957,720.7185140003829,392.7793259812482,1.203234977008645,-1.3238416162503017,24
958,370.1784296703262,542.8440624608199,1.5918366505199144,-1.5512233946759353,50
959,62.36785793211769,52.22290485312814,1.2661794172614997,-0.9238223687705706,32
960,747.1491978307187,30.25867456940419,1.0667268169213573,-1.4551011423244993,9
961,472.3671263995453,146.10540177441592,11.485393480569753,-1.1472182446161896,97
962,969.7316294862619,4.181470923570935,1.0126140669578376,0.6543621478581678,3
963,634.5090964696783,140.62306740756665,1.3606330771093107,-1.4762173882189695,38
964,750.9863899866128,174.73915793033026,1.7811800024854687,-0.4333789337812026,57
965,679.7837421401703,174.62391029703056,2.434926031850246,0.7609712425727327,74
966,172.39345638159364,160.92754424839944,1.9779556715733704,1.2798964124909014,64
967,487.22391506911663,723.0350592916527,1.0278248949930144,-0.6169289459251268,5
968,499.8513929048155,701.4267720094385,1.5447556046219373,0.813542764420716,49
969,392.77775298695053,404.2191923906608,1.6549388468264545,-0.9899563572806157,52
970,253.4451967022629,19.24303909477807,1.3675502320588728,-0.9041833101910706,38
971,750.684786481642,119.79276156509046,1.1179785832359725,1.0459021553758117,15
972,844.8773599323731,21.723115910341086,1.2596209653449666,-1.8854159826502617,31
973,314.58122590259177,25.87431373288729,1.9000071885362453,-1.7817247627086648,62
974,538.707817288534,728.9532365465725,1.1705151622589263,1.307249351444373,20
975,697.2165001864373,229.26248146644926,1.993159479791817,0.7051635766572762,64
976,346.90591248464705,459.3669777794876,1.2263726783976745,-1.3072615638554588,27
977,248.99891065134142,198.32022469640523,2.141413262886609,-0.5638102866639703,69
978,283.4422218499778,26.31378087408676,1.585780223746005,0.9801777487605879,50
979,209.1936607887352,66.4274289852763,1.0779384899316753,0.328013013914213,10
980,414.20809161201225,347.41318690119664,11.200247716377397,1.5051987105967901,97
981,941.5790971520981,80.45073596635011,1.3086017400043903,1.4784513289108774,35
982,413.5373571764276,614.6288182414966,1.396176476886236,-1.0451653296643966,40
983,745.8945694627389,357.7659095286966,1.7621780497133746,-0.31160087049240937,56
984,629.6269608191587,536.5783265593882,1.165154896694455,-1.1633371888194297,20
985,447.4926910517762,688.204726528848,2.584420651761268,0.4405402935744225,76
986,627.0028795756295,53.59073660139096,1.0355067876444295,1.7266382043839297,5
987,552.4582307477071,92.5647835201536,1.5368324166507858,1.5680204007620504,48
988,676.9212126890557,418.31878549808306,1.6772143545955887,0.8583517160205282,53
989,499.8052521795657,552.7012282114644,1.175123598224374,-0.22092471608298692,21
990,901.0301963528706,75.06128212591963,1.071788520302528,-1.4100665900448357,10
991,602.6186853842748,502.90431912035314,4.556309041223667,0.6909229309309236,87
992,770.059068162747,12.712283693393632,1.0047619041101776,-0.5937226483068732,1
993,624.6281968884468,207.57738654039917,4.148648901735924,-0.8162866080618985,86
994,638.3854866678297,221.42213942763198,1.6823629577134718,-0.7523842854889351,53
995,849.9985203613428,235.99764581153286,6.701812193560523,-0.6063638019890356,94
996,642.0463242596559,140.65476681435015,1.1468435510409838,1.5100967474174891,18
997,249.90075147578614,309.8683252044611,2.4601965957205483,0.6709512902056836,74
998,536.798740978182,775.8959762262222,1.309310102959452,-0.8273448936293228,35
999,804.0568302080381,220.52857629409434,2.7809653826400442,-0.9680277785294068,79
